Unnamed: 0,from,to,count
0.0,0,1,1
1.0,0,2,1
2.0,1,2,5
3.0,3,4,1
4.0,3,5,1
5.0,3,6,1
6.0,4,5,5
7.0,4,6,5
8.0,5,6,21
9.0,7,8,1
10.0,7,9,1
11.0,7,10,1
12.0,8,9,1
13.0,8,10,1
14.0,9,10,4
15.0,11,12,1
16.0,11,13,1
17.0,11,14,1
18.0,11,15,1
19.0,12,13,1
20.0,12,14,1
21.0,12,15,1
22.0,13,14,1
23.0,13,15,1
24.0,14,15,1
25.0,16,17,1
26.0,18,19,1
27.0,20,21,1
28.0,22,23,1
29.0,22,24,1
30.0,22,25,1
31.0,23,24,3
32.0,23,25,3
33.0,24,25,3
34.0,26,27,1
35.0,28,29,1
36.0,28,30,1
37.0,28,31,1
38.0,28,32,1
39.0,29,30,1
40.0,29,31,1
41.0,29,32,1
42.0,30,31,1
43.0,30,32,1
44.0,31,32,1
45.0,33,34,1
46.0,33,35,1
47.0,34,35,2
48.0,36,37,1
49.0,36,38,1
50.0,36,39,1
51.0,36,40,1
52.0,37,38,5
53.0,37,39,5
54.0,37,40,5
55.0,38,39,5
56.0,38,40,5
57.0,39,40,5
58.0,41,42,1
59.0,41,43,1
60.0,41,44,1
61.0,41,45,1
62.0,41,46,1
63.0,41,47,1
64.0,41,48,1
65.0,41,49,1
66.0,41,50,1
67.0,41,51,1
68.0,41,52,1
69.0,41,53,1
70.0,42,43,1
71.0,42,44,1
72.0,42,45,1
73.0,42,46,1
74.0,42,47,1
75.0,42,48,1
76.0,42,49,1
77.0,42,50,1
78.0,42,51,1
79.0,42,52,1
80.0,42,53,1
81.0,43,44,1
82.0,43,45,1
83.0,43,46,1
84.0,43,47,1
85.0,43,48,1
86.0,43,49,1
87.0,43,50,1
88.0,43,51,1
89.0,43,52,1
90.0,43,53,1
91.0,44,45,1
92.0,44,46,1
93.0,44,47,1
94.0,44,48,1
95.0,44,49,1
96.0,44,50,1
97.0,44,51,1
98.0,44,52,1
99.0,44,53,1
100.0,45,46,1
101.0,45,47,1
102.0,45,48,1
103.0,45,49,1
104.0,45,50,1
105.0,45,51,1
106.0,45,52,1
107.0,45,53,1
108.0,46,47,1
109.0,46,48,1
110.0,46,49,1
111.0,46,50,1
112.0,46,51,1
113.0,46,52,1
114.0,46,53,1
115.0,47,48,1
116.0,47,49,1
117.0,47,50,1
118.0,47,51,1
119.0,47,52,1
120.0,47,53,1
121.0,48,49,1
122.0,48,50,1
123.0,48,51,1
124.0,48,52,1
125.0,48,53,1
126.0,49,50,1
127.0,49,51,1
128.0,49,52,1
129.0,49,53,1
130.0,50,51,1
131.0,50,52,1
132.0,50,53,1
133.0,51,52,1
134.0,51,53,1
135.0,52,53,1
136.0,54,55,1
137.0,54,56,1
138.0,55,56,1
139.0,57,58,1
140.0,57,59,1
141.0,58,59,5
142.0,60,61,1
143.0,62,63,1
144.0,62,64,1
145.0,63,64,1
146.0,65,66,1
147.0,65,67,1
148.0,65,68,1
149.0,66,67,1
150.0,66,68,1
151.0,67,68,4
152.0,69,70,1
153.0,71,72,1
154.0,71,73,1
155.0,71,74,1
156.0,72,73,1
157.0,72,74,1
158.0,73,74,4
159.0,75,76,1
160.0,75,77,1
161.0,75,78,1
162.0,76,77,2
163.0,76,78,2
164.0,77,78,2
165.0,79,80,1
166.0,79,81,1
167.0,79,82,1
168.0,80,81,1
169.0,80,82,1
170.0,81,82,1
171.0,83,84,1
172.0,83,85,1
173.0,83,86,1
174.0,84,85,1
175.0,84,86,1
176.0,85,86,1
177.0,87,88,1
178.0,87,89,1
179.0,87,90,1
180.0,88,89,10
181.0,88,90,10
182.0,89,90,10
183.0,91,82,1
184.0,91,92,1
185.0,91,93,1
186.0,82,92,1
187.0,82,93,5
188.0,92,93,5
189.0,94,95,1
190.0,94,96,1
191.0,94,97,1
192.0,95,96,7
193.0,95,97,7
194.0,96,97,7
195.0,98,99,1
196.0,98,100,1
197.0,99,100,7
198.0,101,9,1
199.0,101,102,1
200.0,9,102,1
201.0,103,104,1
202.0,105,36,1
203.0,105,106,1
204.0,36,106,1
205.0,107,108,1
206.0,107,109,1
207.0,108,109,2
208.0,110,111,1
209.0,110,112,1
210.0,110,113,1
211.0,111,112,1
212.0,111,113,1
213.0,112,113,1
214.0,114,5,1
215.0,114,115,1
216.0,5,115,1
217.0,116,117,1
218.0,116,118,1
219.0,116,119,1
220.0,117,118,1
221.0,117,119,1
222.0,118,119,1
223.0,120,105,1
224.0,120,121,1
225.0,120,122,1
226.0,105,121,1
227.0,105,122,3
228.0,121,122,2
229.0,123,124,1
230.0,123,125,1
231.0,124,125,1
232.0,126,127,1
233.0,126,128,1
234.0,126,129,1
235.0,127,128,5
236.0,127,129,5
237.0,128,129,9
238.0,130,5,1
239.0,130,6,1
240.0,130,131,1
241.0,5,131,1
242.0,6,131,1
243.0,132,133,1
244.0,134,135,1
245.0,134,14,1
246.0,135,14,1
247.0,136,137,1
248.0,136,138,1
249.0,137,138,1
250.0,139,140,1
251.0,141,142,1
252.0,141,143,1
253.0,142,143,2
254.0,144,145,1
255.0,144,146,1
256.0,145,146,6
257.0,147,148,1
258.0,149,150,1
259.0,149,151,1
260.0,150,151,3
261.0,152,153,1
262.0,152,154,1
263.0,152,155,1
264.0,152,156,1
265.0,153,154,1
266.0,153,155,1
267.0,153,156,1
268.0,154,155,1
269.0,154,156,1
270.0,155,156,1
271.0,157,158,1
272.0,145,147,5
273.0,146,147,5
274.0,159,160,1
275.0,161,162,1
276.0,161,163,1
277.0,161,164,1
278.0,162,163,1
279.0,162,164,1
280.0,163,164,1
281.0,165,166,1
282.0,165,167,1
283.0,166,167,2
284.0,168,169,1
285.0,168,170,1
286.0,168,171,1
287.0,168,172,1
288.0,169,170,1
289.0,169,171,1
290.0,169,172,1
291.0,170,171,1
292.0,170,172,1
293.0,171,172,1
294.0,173,174,1
295.0,173,175,1
296.0,174,175,5
297.0,176,177,1
298.0,176,178,1
299.0,177,178,3
300.0,179,180,1
301.0,181,182,1
302.0,181,183,1
303.0,181,184,1
304.0,182,183,1
305.0,182,184,1
306.0,183,184,1
307.0,185,186,1
308.0,185,187,1
309.0,186,187,5
310.0,188,189,1
311.0,188,190,1
312.0,188,191,1
313.0,189,190,4
314.0,189,191,4
315.0,190,191,4
316.0,192,193,1
317.0,192,194,1
318.0,192,195,1
319.0,192,196,1
320.0,193,194,1
321.0,193,195,1
322.0,193,196,1
323.0,194,195,1
324.0,194,196,1
325.0,195,196,1
326.0,197,5,1
327.0,197,132,1
328.0,5,132,16
329.0,198,9,1
330.0,198,199,1
331.0,198,200,1
332.0,9,199,1
333.0,9,200,1
334.0,199,200,1
335.0,201,202,1
336.0,201,15,1
337.0,202,15,1
338.0,203,204,1
339.0,205,206,1
340.0,205,207,1
341.0,205,208,1
342.0,205,209,1
343.0,205,210,1
344.0,206,207,1
345.0,206,208,1
346.0,206,209,1
347.0,206,210,1
348.0,207,208,1
349.0,207,209,1
350.0,207,210,1
351.0,208,209,1
352.0,208,210,1
353.0,209,210,1
354.0,211,212,1
355.0,211,213,1
356.0,212,213,1
357.0,214,215,1
358.0,214,216,1
359.0,214,217,1
360.0,214,218,1
361.0,215,216,1
362.0,215,217,1
363.0,215,218,1
364.0,216,217,1
365.0,216,218,1
366.0,217,218,1
367.0,219,13,1
368.0,219,220,1
369.0,219,221,1
370.0,219,222,1
371.0,219,223,1
372.0,219,224,1
373.0,219,225,1
374.0,219,226,1
375.0,219,227,1
376.0,13,220,1
377.0,13,221,1
378.0,13,222,1
379.0,13,223,1
380.0,13,224,1
381.0,13,225,1
382.0,13,226,1
383.0,13,227,1
384.0,220,221,1
385.0,220,222,1
386.0,220,223,1
387.0,220,224,1
388.0,220,225,1
389.0,220,226,1
390.0,220,227,1
391.0,221,222,1
392.0,221,223,1
393.0,221,224,1
394.0,221,225,1
395.0,221,226,1
396.0,221,227,1
397.0,222,223,1
398.0,222,224,1
399.0,222,225,1
400.0,222,226,1
401.0,222,227,1
402.0,223,224,1
403.0,223,225,1
404.0,223,226,1
405.0,223,227,1
406.0,224,225,1
407.0,224,226,1
408.0,224,227,1
409.0,225,226,1
410.0,225,227,1
411.0,226,227,1
412.0,228,229,1
413.0,228,230,1
414.0,228,231,1
415.0,228,232,1
416.0,228,233,1
417.0,228,234,1
418.0,229,230,1
419.0,229,231,1
420.0,229,232,1
421.0,229,233,1
422.0,229,234,1
423.0,230,231,1
424.0,230,232,1
425.0,230,233,1
426.0,230,234,1
427.0,231,232,1
428.0,231,233,1
429.0,231,234,1
430.0,232,233,1
431.0,232,234,1
432.0,233,234,1
433.0,235,236,1
434.0,235,237,1
435.0,236,237,1
436.0,238,239,1
437.0,238,240,1
438.0,238,241,1
439.0,239,240,1
440.0,239,241,1
441.0,240,241,1
442.0,242,243,1
443.0,242,244,1
444.0,242,245,1
445.0,242,246,1
446.0,242,247,1
447.0,243,244,1
448.0,243,245,1
449.0,243,246,1
450.0,243,247,1
451.0,244,245,1
452.0,244,246,1
453.0,244,247,1
454.0,245,246,1
455.0,245,247,1
456.0,246,247,1
457.0,248,249,1
458.0,250,251,1
459.0,252,253,1
460.0,252,254,1
461.0,252,255,1
462.0,252,256,1
463.0,252,257,1
464.0,252,258,1
465.0,253,254,1
466.0,253,255,1
467.0,253,256,1
468.0,253,257,1
469.0,253,258,1
470.0,254,255,1
471.0,254,256,1
472.0,254,257,1
473.0,254,258,1
474.0,255,256,1
475.0,255,257,1
476.0,255,258,1
477.0,256,257,1
478.0,256,258,1
479.0,257,258,1
480.0,259,260,1
481.0,259,261,1
482.0,260,261,1
483.0,262,263,1
484.0,264,265,1
485.0,264,266,1
486.0,264,267,1
487.0,265,266,1
488.0,265,267,1
489.0,266,267,1
490.0,268,269,1
491.0,268,270,1
492.0,268,271,1
493.0,269,270,1
494.0,269,271,1
495.0,270,271,1
496.0,272,273,1
497.0,272,274,1
498.0,272,275,1
499.0,272,276,1
500.0,272,277,1
501.0,272,278,1
502.0,272,279,1
503.0,272,280,1
504.0,272,281,1
505.0,273,274,1
506.0,273,275,1
507.0,273,276,1
508.0,273,277,1
509.0,273,278,1
510.0,273,279,1
511.0,273,280,1
512.0,273,281,1
513.0,274,275,1
514.0,274,276,1
515.0,274,277,1
516.0,274,278,1
517.0,274,279,1
518.0,274,280,1
519.0,274,281,1
520.0,275,276,2
521.0,275,277,2
522.0,275,278,1
523.0,275,279,1
524.0,275,280,1
525.0,275,281,1
526.0,276,277,2
527.0,276,278,1
528.0,276,279,1
529.0,276,280,1
530.0,276,281,2
531.0,277,278,1
532.0,277,279,1
533.0,277,280,1
534.0,277,281,1
535.0,278,279,1
536.0,278,280,1
537.0,278,281,1
538.0,279,280,1
539.0,279,281,1
540.0,280,281,1
541.0,282,283,1
542.0,284,285,1
543.0,284,286,1
544.0,284,287,1
545.0,284,288,1
546.0,285,286,1
547.0,285,287,1
548.0,285,288,1
549.0,286,287,1
550.0,286,288,1
551.0,287,288,1
552.0,289,290,1
553.0,289,291,1
554.0,289,292,1
555.0,289,293,1
556.0,290,291,1
557.0,290,292,1
558.0,290,293,1
559.0,291,292,1
560.0,291,293,1
561.0,292,293,1
562.0,294,295,1
563.0,294,296,1
564.0,294,297,1
565.0,295,296,1
566.0,295,297,1
567.0,296,297,1
568.0,298,299,1
569.0,298,300,1
570.0,299,300,1
571.0,301,9,1
572.0,302,303,1
573.0,302,304,1
574.0,302,305,1
575.0,303,304,1
576.0,303,305,1
577.0,304,305,1
578.0,306,307,1
579.0,306,308,1
580.0,306,309,1
581.0,307,308,1
582.0,307,309,1
583.0,308,309,1
584.0,310,94,1
585.0,311,312,1
586.0,311,313,1
587.0,312,313,1
588.0,314,315,1
589.0,314,316,1
590.0,315,316,2
591.0,317,318,1
592.0,317,319,1
593.0,317,320,1
594.0,317,321,1
595.0,317,322,1
596.0,317,323,1
597.0,317,324,1
598.0,318,319,1
599.0,318,320,1
600.0,318,321,1
601.0,318,322,1
602.0,318,323,1
603.0,318,324,1
604.0,319,320,1
605.0,319,321,1
606.0,319,322,1
607.0,319,323,1
608.0,319,324,1
609.0,320,321,1
610.0,320,322,1
611.0,320,323,1
612.0,320,324,1
613.0,321,322,1
614.0,321,323,1
615.0,321,324,1
616.0,322,323,1
617.0,322,324,1
618.0,323,324,1
619.0,325,326,1
620.0,325,327,1
621.0,325,328,1
622.0,325,329,1
623.0,326,327,1
624.0,326,328,1
625.0,326,329,1
626.0,327,328,1
627.0,327,329,1
628.0,328,329,1
629.0,315,317,1
630.0,316,317,1
631.0,330,331,1
632.0,330,332,1
633.0,330,333,1
634.0,330,334,1
635.0,330,335,1
636.0,330,336,1
637.0,331,332,1
638.0,331,333,1
639.0,331,334,1
640.0,331,335,1
641.0,331,336,1
642.0,332,333,1
643.0,332,334,1
644.0,332,335,1
645.0,332,336,1
646.0,333,334,1
647.0,333,335,1
648.0,333,336,1
649.0,334,335,1
650.0,334,336,1
651.0,335,336,1
652.0,337,338,1
653.0,337,339,1
654.0,337,340,1
655.0,337,341,1
656.0,337,342,1
657.0,337,343,1
658.0,338,339,1
659.0,338,340,1
660.0,338,341,1
661.0,338,342,1
662.0,338,343,1
663.0,339,340,1
664.0,339,341,1
665.0,339,342,1
666.0,339,343,1
667.0,340,341,1
668.0,340,342,1
669.0,340,343,1
670.0,341,342,1
671.0,341,343,1
672.0,342,343,1
673.0,344,345,1
674.0,344,346,1
675.0,344,347,1
676.0,344,348,1
677.0,344,349,1
678.0,345,346,1
679.0,345,347,1
680.0,345,348,1
681.0,345,349,1
682.0,346,347,3
683.0,346,348,1
684.0,346,349,1
685.0,347,348,1
686.0,347,349,1
687.0,348,349,1
688.0,350,351,1
689.0,350,352,1
690.0,351,352,1
691.0,353,354,1
692.0,353,355,1
693.0,354,355,1
694.0,356,9,1
695.0,357,358,1
696.0,357,359,1
697.0,357,360,1
698.0,357,361,1
699.0,358,359,1
700.0,358,360,1
701.0,358,361,1
702.0,359,360,1
703.0,359,361,1
704.0,360,361,1
705.0,362,363,1
706.0,362,364,1
707.0,362,365,1
708.0,362,366,1
709.0,363,364,1
710.0,363,365,1
711.0,363,366,1
712.0,364,365,1
713.0,364,366,1
714.0,365,366,1
715.0,367,9,1
716.0,368,369,1
717.0,368,370,1
718.0,368,371,1
719.0,368,372,1
720.0,369,370,1
721.0,369,371,1
722.0,369,372,1
723.0,370,371,1
724.0,370,372,1
725.0,371,372,1
726.0,373,374,1
727.0,373,375,1
728.0,373,376,1
729.0,373,377,1
730.0,373,378,1
731.0,374,375,1
732.0,374,376,1
733.0,374,377,1
734.0,374,378,1
735.0,375,376,1
736.0,375,377,1
737.0,375,378,1
738.0,376,377,1
739.0,376,378,1
740.0,377,378,1
741.0,379,380,1
742.0,379,381,1
743.0,379,382,1
744.0,380,381,1
745.0,380,382,1
746.0,381,382,1
747.0,383,384,1
748.0,383,385,1
749.0,383,386,1
750.0,383,387,1
751.0,384,385,1
752.0,384,386,1
753.0,384,387,1
754.0,385,386,1
755.0,385,387,4
756.0,386,387,1
757.0,388,389,1
758.0,388,390,1
759.0,389,390,1
760.0,391,392,1
761.0,391,393,1
762.0,392,393,1
763.0,394,395,1
764.0,394,396,1
765.0,394,397,1
766.0,394,398,1
767.0,394,399,1
768.0,395,396,1
769.0,395,397,1
770.0,395,398,1
771.0,395,399,1
772.0,396,397,1
773.0,396,398,1
774.0,396,399,1
775.0,397,398,1
776.0,397,399,1
777.0,398,399,1
778.0,400,401,1
779.0,400,402,1
780.0,400,403,1
781.0,400,404,1
782.0,401,402,1
783.0,401,403,1
784.0,401,404,1
785.0,402,403,1
786.0,402,404,1
787.0,403,404,1
788.0,405,406,1
789.0,405,407,1
790.0,405,408,1
791.0,405,409,1
792.0,406,407,1
793.0,406,408,1
794.0,406,409,1
795.0,407,408,1
796.0,407,409,1
797.0,408,409,1
798.0,410,411,1
799.0,410,412,1
800.0,410,413,1
801.0,410,414,1
802.0,410,415,1
803.0,411,412,1
804.0,411,413,1
805.0,411,414,1
806.0,411,415,1
807.0,412,413,1
808.0,412,414,1
809.0,412,415,1
810.0,413,414,1
811.0,413,415,1
812.0,414,415,1
813.0,416,417,1
814.0,416,418,1
815.0,417,418,1
816.0,419,316,1
817.0,419,420,1
818.0,419,421,1
819.0,316,420,1
820.0,316,421,1
821.0,420,421,1
822.0,422,423,1
823.0,424,425,1
824.0,424,426,1
825.0,424,427,1
826.0,424,428,1
827.0,424,429,1
828.0,425,426,1
829.0,425,427,1
830.0,425,428,1
831.0,425,429,1
832.0,426,427,1
833.0,426,428,1
834.0,426,429,1
835.0,427,428,1
836.0,427,429,1
837.0,428,429,1
838.0,430,431,1
839.0,432,433,1
840.0,432,434,1
841.0,432,435,1
842.0,432,436,1
843.0,433,434,1
844.0,433,435,1
845.0,433,436,1
846.0,434,435,1
847.0,434,436,1
848.0,435,436,1
849.0,437,438,1
850.0,437,439,1
851.0,437,440,1
852.0,437,441,1
853.0,437,442,1
854.0,438,439,1
855.0,438,440,1
856.0,438,441,1
857.0,438,442,1
858.0,439,440,1
859.0,439,441,1
860.0,439,442,1
861.0,440,441,1
862.0,440,442,1
863.0,441,442,1
864.0,443,444,1
865.0,443,445,1
866.0,443,446,1
867.0,443,447,1
868.0,444,445,1
869.0,444,446,1
870.0,444,447,1
871.0,445,446,1
872.0,445,447,1
873.0,446,447,1
874.0,448,449,1
875.0,448,450,1
876.0,448,451,1
877.0,448,452,1
878.0,449,450,1
879.0,449,451,1
880.0,449,452,1
881.0,450,451,1
882.0,450,452,1
883.0,451,452,1
884.0,453,454,1
885.0,453,455,1
886.0,454,455,1
887.0,456,457,1
888.0,456,458,1
889.0,456,459,1
890.0,456,460,1
891.0,457,458,1
892.0,457,459,1
893.0,457,460,1
894.0,458,459,1
895.0,458,460,1
896.0,459,460,1
897.0,461,462,1
898.0,461,463,1
899.0,461,464,1
900.0,461,465,1
901.0,461,466,1
902.0,461,467,1
903.0,461,468,1
904.0,462,463,1
905.0,462,464,1
906.0,462,465,1
907.0,462,466,1
908.0,462,467,1
909.0,462,468,1
910.0,463,464,1
911.0,463,465,1
912.0,463,466,1
913.0,463,467,1
914.0,463,468,1
915.0,464,465,1
916.0,464,466,1
917.0,464,467,1
918.0,464,468,1
919.0,465,466,1
920.0,465,467,1
921.0,465,468,1
922.0,466,467,1
923.0,466,468,1
924.0,467,468,1
925.0,469,9,1
926.0,470,471,1
927.0,470,472,1
928.0,471,472,1
929.0,473,474,1
930.0,473,475,1
931.0,473,476,1
932.0,474,475,1
933.0,474,476,1
934.0,475,476,1
935.0,477,478,1
936.0,477,479,1
937.0,477,480,1
938.0,478,479,1
939.0,478,480,1
940.0,479,480,1
941.0,481,482,1
942.0,481,483,1
943.0,481,484,1
944.0,481,485,1
945.0,481,486,1
946.0,481,487,1
947.0,481,488,1
948.0,481,489,1
949.0,481,490,1
950.0,482,483,1
951.0,482,484,1
952.0,482,485,1
953.0,482,486,1
954.0,482,487,1
955.0,482,488,1
956.0,482,489,1
957.0,482,490,1
958.0,483,484,1
959.0,483,485,1
960.0,483,486,1
961.0,483,487,1
962.0,483,488,1
963.0,483,489,1
964.0,483,490,1
965.0,484,485,1
966.0,484,486,1
967.0,484,487,1
968.0,484,488,1
969.0,484,489,1
970.0,484,490,1
971.0,485,486,1
972.0,485,487,1
973.0,485,488,1
974.0,485,489,1
975.0,485,490,1
976.0,486,487,1
977.0,486,488,1
978.0,486,489,1
979.0,486,490,1
980.0,487,488,1
981.0,487,489,1
982.0,487,490,1
983.0,488,489,1
984.0,488,490,1
985.0,489,490,1
986.0,491,492,1
987.0,491,493,1
988.0,491,494,1
989.0,492,493,1
990.0,492,494,1
991.0,493,494,1
992.0,495,496,1
993.0,495,497,1
994.0,495,498,1
995.0,496,497,1
996.0,496,498,1
997.0,497,498,1
998.0,499,500,1
999.0,499,501,1
1000.0,500,501,1
1001.0,502,503,1
1002.0,502,504,1
1003.0,502,505,1
1004.0,503,504,1
1005.0,503,505,1
1006.0,504,505,1
1007.0,506,507,1
1008.0,506,508,1
1009.0,506,509,1
1010.0,506,510,1
1011.0,506,511,1
1012.0,506,512,1
1013.0,506,513,1
1014.0,507,508,1
1015.0,507,509,1
1016.0,507,510,1
1017.0,507,511,1
1018.0,507,512,1
1019.0,507,513,1
1020.0,508,509,1
1021.0,508,510,1
1022.0,508,511,1
1023.0,508,512,1
1024.0,508,513,1
1025.0,509,510,1
1026.0,509,511,1
1027.0,509,512,1
1028.0,509,513,1
1029.0,510,511,1
1030.0,510,512,1
1031.0,510,513,1
1032.0,511,512,1
1033.0,511,513,1
1034.0,512,513,1
1035.0,514,515,1
1036.0,514,516,1
1037.0,514,517,1
1038.0,514,518,1
1039.0,514,519,1
1040.0,514,520,1
1041.0,514,521,1
1042.0,514,522,1
1043.0,514,523,1
1044.0,514,524,1
1045.0,514,525,1
1046.0,514,526,1
1047.0,514,527,1
1048.0,514,528,1
1049.0,514,529,1
1050.0,515,516,1
1051.0,515,517,1
1052.0,515,518,1
1053.0,515,519,1
1054.0,515,520,1
1055.0,515,521,1
1056.0,515,522,1
1057.0,515,523,1
1058.0,515,524,1
1059.0,515,525,1
1060.0,515,526,1
1061.0,515,527,1
1062.0,515,528,1
1063.0,515,529,1
1064.0,516,517,1
1065.0,516,518,1
1066.0,516,519,1
1067.0,516,520,1
1068.0,516,521,1
1069.0,516,522,1
1070.0,516,523,1
1071.0,516,524,1
1072.0,516,525,1
1073.0,516,526,1
1074.0,516,527,1
1075.0,516,528,1
1076.0,516,529,1
1077.0,517,518,1
1078.0,517,519,1
1079.0,517,520,1
1080.0,517,521,1
1081.0,517,522,1
1082.0,517,523,1
1083.0,517,524,1
1084.0,517,525,1
1085.0,517,526,1
1086.0,517,527,1
1087.0,517,528,1
1088.0,517,529,1
1089.0,518,519,1
1090.0,518,520,1
1091.0,518,521,1
1092.0,518,522,1
1093.0,518,523,1
1094.0,518,524,1
1095.0,518,525,1
1096.0,518,526,1
1097.0,518,527,1
1098.0,518,528,1
1099.0,518,529,1
1100.0,519,520,1
1101.0,519,521,1
1102.0,519,522,1
1103.0,519,523,1
1104.0,519,524,1
1105.0,519,525,1
1106.0,519,526,1
1107.0,519,527,1
1108.0,519,528,1
1109.0,519,529,1
1110.0,520,521,1
1111.0,520,522,1
1112.0,520,523,1
1113.0,520,524,1
1114.0,520,525,1
1115.0,520,526,1
1116.0,520,527,1
1117.0,520,528,1
1118.0,520,529,1
1119.0,521,522,1
1120.0,521,523,1
1121.0,521,524,1
1122.0,521,525,1
1123.0,521,526,1
1124.0,521,527,1
1125.0,521,528,1
1126.0,521,529,1
1127.0,522,523,1
1128.0,522,524,1
1129.0,522,525,1
1130.0,522,526,1
1131.0,522,527,1
1132.0,522,528,1
1133.0,522,529,1
1134.0,523,524,1
1135.0,523,525,1
1136.0,523,526,1
1137.0,523,527,1
1138.0,523,528,1
1139.0,523,529,1
1140.0,524,525,1
1141.0,524,526,1
1142.0,524,527,1
1143.0,524,528,1
1144.0,524,529,1
1145.0,525,526,1
1146.0,525,527,1
1147.0,525,528,1
1148.0,525,529,1
1149.0,526,527,1
1150.0,526,528,1
1151.0,526,529,1
1152.0,527,528,1
1153.0,527,529,1
1154.0,528,529,1
1155.0,530,531,1
1156.0,532,533,1
1157.0,534,535,1
1158.0,535,536,1
1159.0,536,537,1
1160.0,536,538,1
1161.0,536,539,1
1162.0,536,540,1
1163.0,536,541,1
1164.0,536,542,1
1165.0,536,543,1
1166.0,537,538,1
1167.0,537,539,1
1168.0,537,540,1
1169.0,537,541,1
1170.0,537,542,1
1171.0,537,543,1
1172.0,538,539,1
1173.0,538,540,1
1174.0,538,541,1
1175.0,538,542,1
1176.0,538,543,1
1177.0,539,540,1
1178.0,539,541,2
1179.0,539,542,2
1180.0,539,543,1
1181.0,540,541,1
1182.0,540,542,1
1183.0,540,543,1
1184.0,541,542,1
1185.0,541,543,1
1186.0,542,543,1
1187.0,544,545,1
1188.0,544,546,1
1189.0,545,546,1
1190.0,547,548,1
1191.0,547,549,1
1192.0,547,550,1
1193.0,548,549,1
1194.0,548,550,1
1195.0,549,550,1
1196.0,551,552,1
1197.0,551,553,1
1198.0,551,554,1
1199.0,551,555,1
1200.0,552,553,1
1201.0,552,554,1
1202.0,552,555,1
1203.0,553,554,1
1204.0,553,555,1
1205.0,554,555,1
1206.0,556,557,1
1207.0,556,558,1
1208.0,557,558,1
1209.0,559,560,1
1210.0,559,561,1
1211.0,560,561,1
1212.0,562,563,1
1213.0,564,565,1
1214.0,564,566,1
1215.0,564,567,1
1216.0,564,568,1
1217.0,564,569,1
1218.0,565,566,1
1219.0,565,567,1
1220.0,565,568,1
1221.0,565,569,1
1222.0,566,567,1
1223.0,566,568,1
1224.0,566,569,1
1225.0,567,568,1
1226.0,567,569,1
1227.0,568,569,1
1228.0,570,571,1
1229.0,570,572,1
1230.0,570,573,1
1231.0,571,572,1
1232.0,571,573,1
1233.0,572,573,1
1234.0,574,575,1
1235.0,574,576,1
1236.0,574,577,1
1237.0,575,576,1
1238.0,575,577,1
1239.0,576,577,4
1240.0,578,579,1
1241.0,578,580,1
1242.0,578,581,1
1243.0,579,580,1
1244.0,579,581,1
1245.0,580,581,1
1246.0,582,583,1
1247.0,582,584,1
1248.0,582,585,1
1249.0,582,586,1
1250.0,582,587,1
1251.0,583,584,1
1252.0,583,585,1
1253.0,583,586,1
1254.0,583,587,1
1255.0,584,585,1
1256.0,584,586,1
1257.0,584,587,1
1258.0,585,586,1
1259.0,585,587,1
1260.0,586,587,1
1261.0,588,589,1
1262.0,588,590,1
1263.0,588,591,1
1264.0,589,590,1
1265.0,589,591,1
1266.0,590,591,1
1267.0,592,593,1
1268.0,594,595,1
1269.0,594,596,1
1270.0,594,597,1
1271.0,594,598,1
1272.0,595,596,1
1273.0,595,597,1
1274.0,595,598,1
1275.0,596,597,1
1276.0,596,598,1
1277.0,597,598,1
1278.0,599,600,1
1279.0,601,602,1
1280.0,601,603,1
1281.0,601,604,1
1282.0,602,603,1
1283.0,602,604,1
1284.0,603,604,1
1285.0,605,9,1
1286.0,606,607,1
1287.0,606,608,1
1288.0,606,609,1
1289.0,606,610,1
1290.0,607,608,1
1291.0,607,609,1
1292.0,607,610,1
1293.0,608,609,1
1294.0,608,610,1
1295.0,609,610,1
1296.0,611,612,1
1297.0,613,614,1
1298.0,613,615,1
1299.0,613,616,1
1300.0,613,617,1
1301.0,614,615,1
1302.0,614,616,1
1303.0,614,617,1
1304.0,615,616,1
1305.0,615,617,1
1306.0,616,617,1
1307.0,618,619,1
1308.0,618,620,1
1309.0,618,621,1
1310.0,618,622,1
1311.0,618,623,1
1312.0,619,620,1
1313.0,619,621,1
1314.0,619,622,1
1315.0,619,623,1
1316.0,620,621,1
1317.0,620,622,1
1318.0,620,623,1
1319.0,621,622,1
1320.0,621,623,1
1321.0,622,623,1
1322.0,624,625,1
1323.0,626,627,1
1324.0,626,628,1
1325.0,627,628,1
1326.0,629,489,1
1327.0,629,630,1
1328.0,629,631,1
1329.0,629,632,1
1330.0,629,491,1
1331.0,489,630,1
1332.0,489,631,1
1333.0,489,632,1
1334.0,489,491,1
1335.0,630,631,1
1336.0,630,632,1
1337.0,630,491,1
1338.0,631,632,1
1339.0,631,491,1
1340.0,632,491,1
1341.0,633,576,1
1342.0,633,577,1
1343.0,633,578,1
1344.0,576,578,1
1345.0,577,578,1
1346.0,634,635,1
1347.0,634,636,1
1348.0,635,636,1
1349.0,637,638,1
1350.0,637,639,1
1351.0,637,640,1
1352.0,637,641,1
1353.0,638,639,1
1354.0,638,640,1
1355.0,638,641,1
1356.0,639,640,1
1357.0,639,641,1
1358.0,640,641,1
1359.0,642,643,1
1360.0,642,644,1
1361.0,642,645,1
1362.0,642,646,1
1363.0,642,647,1
1364.0,642,577,1
1365.0,643,644,1
1366.0,643,645,1
1367.0,643,646,1
1368.0,643,647,1
1369.0,643,577,1
1370.0,644,645,1
1371.0,644,646,1
1372.0,644,647,1
1373.0,644,577,1
1374.0,645,646,1
1375.0,645,647,1
1376.0,645,577,1
1377.0,646,647,1
1378.0,646,577,1
1379.0,647,577,1
1380.0,648,649,1
1381.0,648,650,1
1382.0,648,651,1
1383.0,648,652,1
1384.0,649,650,1
1385.0,649,651,1
1386.0,649,652,1
1387.0,650,651,1
1388.0,650,652,1
1389.0,651,652,1
1390.0,653,654,1
1391.0,653,655,1
1392.0,654,655,1
1393.0,656,657,1
1394.0,656,658,1
1395.0,656,659,1
1396.0,657,658,1
1397.0,657,659,1
1398.0,658,659,1
1399.0,660,661,1
1400.0,660,662,1
1401.0,660,663,1
1402.0,660,664,1
1403.0,661,662,1
1404.0,661,663,1
1405.0,661,664,1
1406.0,662,663,1
1407.0,662,664,1
1408.0,663,664,1
1409.0,665,666,1
1410.0,665,667,1
1411.0,665,668,1
1412.0,665,669,1
1413.0,666,667,1
1414.0,666,668,1
1415.0,666,669,1
1416.0,667,668,1
1417.0,667,669,1
1418.0,668,669,1
1419.0,670,671,1
1420.0,672,275,1
1421.0,672,673,1
1422.0,672,276,1
1423.0,672,674,1
1424.0,672,675,1
1425.0,672,676,1
1426.0,672,277,1
1427.0,672,677,1
1428.0,672,282,1
1429.0,275,673,1
1430.0,275,674,1
1431.0,275,675,1
1432.0,275,676,1
1433.0,275,677,1
1434.0,275,282,1
1435.0,673,276,1
1436.0,673,674,1
1437.0,673,675,1
1438.0,673,676,1
1439.0,673,277,1
1440.0,673,677,1
1441.0,673,282,1
1442.0,276,674,1
1443.0,276,675,1
1444.0,276,676,1
1445.0,276,677,1
1446.0,276,282,2
1447.0,674,675,1
1448.0,674,676,1
1449.0,674,277,1
1450.0,674,677,1
1451.0,674,282,1
1452.0,675,676,1
1453.0,675,277,1
1454.0,675,677,1
1455.0,675,282,1
1456.0,676,277,1
1457.0,676,677,1
1458.0,676,282,1
1459.0,277,677,1
1460.0,277,282,1
1461.0,677,282,1
1462.0,678,679,1
1463.0,678,680,1
1464.0,678,681,1
1465.0,678,682,1
1466.0,679,680,1
1467.0,679,681,1
1468.0,679,682,1
1469.0,680,681,1
1470.0,680,682,1
1471.0,681,682,1
1472.0,683,628,1
1473.0,684,685,1
1474.0,686,687,1
1475.0,686,688,1
1476.0,686,689,1
1477.0,686,690,1
1478.0,687,688,1
1479.0,687,689,1
1480.0,687,690,1
1481.0,688,689,1
1482.0,688,690,1
1483.0,689,690,1
1484.0,691,692,1
1485.0,691,693,1
1486.0,691,694,1
1487.0,691,695,1
1488.0,691,696,1
1489.0,691,697,1
1490.0,692,693,1
1491.0,692,694,1
1492.0,692,695,1
1493.0,692,696,1
1494.0,692,697,1
1495.0,693,694,1
1496.0,693,695,1
1497.0,693,696,1
1498.0,693,697,1
1499.0,694,695,1
1500.0,694,696,1
1501.0,694,697,1
1502.0,695,696,1
1503.0,695,697,1
1504.0,696,697,1
1505.0,698,699,1
1506.0,698,700,1
1507.0,698,701,1
1508.0,699,700,1
1509.0,699,701,1
1510.0,700,701,1
1511.0,702,703,1
1512.0,702,704,1
1513.0,703,704,1
1514.0,705,105,1
1515.0,705,706,1
1516.0,105,706,1
1517.0,707,385,1
1518.0,707,708,1
1519.0,707,387,1
1520.0,385,708,1
1521.0,708,387,2
1522.0,709,710,1
1523.0,709,711,1
1524.0,709,712,1
1525.0,709,713,1
1526.0,709,714,1
1527.0,710,711,1
1528.0,710,712,1
1529.0,710,713,1
1530.0,710,714,1
1531.0,711,712,1
1532.0,711,713,1
1533.0,711,714,1
1534.0,712,713,1
1535.0,712,714,1
1536.0,713,714,1
1537.0,715,716,1
1538.0,715,717,1
1539.0,715,718,1
1540.0,716,717,2
1541.0,716,718,2
1542.0,717,718,2
1543.0,708,385,1
1544.0,708,709,1
1545.0,385,709,1
1546.0,709,387,1
1547.0,719,720,1
1548.0,719,721,1
1549.0,719,722,1
1550.0,720,721,1
1551.0,720,722,1
1552.0,721,722,1
1553.0,716,719,1
1554.0,717,719,1
1555.0,718,719,1
1556.0,723,724,1
1557.0,723,725,1
1558.0,723,726,1
1559.0,724,725,1
1560.0,724,726,1
1561.0,725,726,1
1562.0,727,728,1
1563.0,729,730,1
1564.0,729,731,1
1565.0,729,732,1
1566.0,729,733,1
1567.0,730,731,1
1568.0,730,732,1
1569.0,730,733,1
1570.0,731,732,1
1571.0,731,733,1
1572.0,732,733,1
1573.0,734,735,1
1574.0,736,737,1
1575.0,736,738,1
1576.0,737,738,1
1577.0,739,740,1
1578.0,739,741,1
1579.0,739,742,1
1580.0,739,743,1
1581.0,739,744,1
1582.0,739,745,1
1583.0,740,741,1
1584.0,740,742,1
1585.0,740,743,1
1586.0,740,744,1
1587.0,740,745,1
1588.0,741,742,1
1589.0,741,743,1
1590.0,741,744,1
1591.0,741,745,1
1592.0,742,743,1
1593.0,742,744,1
1594.0,742,745,1
1595.0,743,744,1
1596.0,743,745,1
1597.0,744,745,1
1598.0,746,747,1
1599.0,746,748,1
1600.0,746,749,1
1601.0,746,750,1
1602.0,747,748,1
1603.0,747,749,1
1604.0,747,750,1
1605.0,748,749,1
1606.0,748,750,1
1607.0,749,750,1
1608.0,751,752,1
1609.0,751,753,1
1610.0,751,754,1
1611.0,751,755,1
1612.0,752,753,1
1613.0,752,754,1
1614.0,752,755,1
1615.0,753,754,1
1616.0,753,755,1
1617.0,754,755,1
1618.0,756,757,1
1619.0,756,758,1
1620.0,756,759,1
1621.0,757,758,1
1622.0,757,759,1
1623.0,758,759,1
1624.0,760,761,1
1625.0,760,762,1
1626.0,760,763,1
1627.0,761,762,1
1628.0,761,763,1
1629.0,762,763,1
1630.0,764,765,1
1631.0,766,767,1
1632.0,766,436,1
1633.0,766,768,1
1634.0,766,769,1
1635.0,766,770,1
1636.0,766,771,1
1637.0,766,772,1
1638.0,767,436,1
1639.0,767,768,1
1640.0,767,769,1
1641.0,767,770,1
1642.0,767,771,1
1643.0,767,772,1
1644.0,436,768,1
1645.0,436,769,1
1646.0,436,770,1
1647.0,436,771,1
1648.0,436,772,1
1649.0,768,769,1
1650.0,768,770,1
1651.0,768,771,1
1652.0,768,772,1
1653.0,769,770,1
1654.0,769,771,1
1655.0,769,772,1
1656.0,770,771,1
1657.0,770,772,1
1658.0,771,772,1
1659.0,773,764,1
1660.0,773,774,1
1661.0,773,775,1
1662.0,764,774,1
1663.0,764,775,1
1664.0,774,775,1
1665.0,776,777,1
1666.0,776,778,1
1667.0,776,779,1
1668.0,776,780,1
1669.0,777,778,1
1670.0,777,779,1
1671.0,777,780,1
1672.0,778,779,1
1673.0,778,780,1
1674.0,779,780,1
1675.0,781,782,1
1676.0,783,784,1
1677.0,783,785,1
1678.0,783,786,1
1679.0,784,785,1
1680.0,784,786,1
1681.0,785,786,1
1682.0,787,5,1
1683.0,787,788,1
1684.0,5,788,1
1685.0,789,790,1
1686.0,791,792,1
1687.0,791,793,1
1688.0,791,794,1
1689.0,791,795,1
1690.0,791,796,1
1691.0,792,793,1
1692.0,792,794,1
1693.0,792,795,1
1694.0,792,796,1
1695.0,793,794,1
1696.0,793,795,1
1697.0,793,796,1
1698.0,794,795,1
1699.0,794,796,1
1700.0,795,796,1
1701.0,797,798,1
1702.0,797,799,1
1703.0,797,800,1
1704.0,798,799,1
1705.0,798,800,1
1706.0,799,800,1
1707.0,801,802,1
1708.0,801,803,1
1709.0,802,803,1
1710.0,804,805,1
1711.0,804,806,1
1712.0,805,806,1
1713.0,807,808,1
1714.0,807,809,1
1715.0,807,810,1
1716.0,808,809,1
1717.0,808,810,1
1718.0,809,810,1
1719.0,811,812,1
1720.0,811,813,1
1721.0,811,814,1
1722.0,812,813,1
1723.0,812,814,1
1724.0,813,814,1
1725.0,815,626,1
1726.0,816,817,1
1727.0,818,819,1
1728.0,818,820,1
1729.0,819,820,1
1730.0,821,822,1
1731.0,821,823,1
1732.0,822,823,1
1733.0,824,825,1
1734.0,824,826,1
1735.0,824,827,1
1736.0,824,828,1
1737.0,824,829,1
1738.0,825,826,1
1739.0,825,827,1
1740.0,825,828,1
1741.0,825,829,1
1742.0,826,827,1
1743.0,826,828,1
1744.0,826,829,1
1745.0,827,828,1
1746.0,827,829,1
1747.0,828,829,1
1748.0,830,831,1
1749.0,830,832,1
1750.0,830,833,1
1751.0,831,832,1
1752.0,831,833,1
1753.0,832,833,1
1754.0,834,835,1
1755.0,834,836,1
1756.0,834,837,1
1757.0,835,836,1
1758.0,835,837,1
1759.0,836,837,1
1760.0,838,839,1
1761.0,838,840,1
1762.0,839,840,1
1763.0,841,842,1
1764.0,841,87,1
1765.0,842,87,1
1766.0,843,844,1
1767.0,843,845,1
1768.0,844,845,1
1769.0,846,628,1
1770.0,847,240,1
1771.0,847,242,1
1772.0,240,242,1
1773.0,848,636,1
1774.0,848,849,1
1775.0,848,850,1
1776.0,848,851,1
1777.0,848,852,1
1778.0,636,849,1
1779.0,636,850,1
1780.0,636,851,1
1781.0,636,852,1
1782.0,849,850,1
1783.0,849,851,1
1784.0,849,852,1
1785.0,850,851,1
1786.0,850,852,1
1787.0,851,852,1
1788.0,853,763,1
1789.0,853,762,1
1790.0,853,764,1
1791.0,763,762,1
1792.0,763,764,1
1793.0,762,764,1
1794.0,854,855,1
1795.0,854,856,1
1796.0,854,857,1
1797.0,854,858,1
1798.0,855,856,1
1799.0,855,857,1
1800.0,855,858,1
1801.0,856,857,1
1802.0,856,858,1
1803.0,857,858,1
1804.0,859,769,1
1805.0,859,768,1
1806.0,769,768,1
1807.0,860,861,1
1808.0,862,863,1
1809.0,864,479,1
1810.0,864,865,1
1811.0,864,866,1
1812.0,479,865,1
1813.0,479,866,2
1814.0,865,866,2
1815.0,867,868,1
1816.0,869,870,1
1817.0,869,871,1
1818.0,869,872,1
1819.0,869,873,1
1820.0,870,871,1
1821.0,870,872,1
1822.0,870,873,1
1823.0,871,872,1
1824.0,871,873,1
1825.0,872,873,1
1826.0,874,875,1
1827.0,874,876,1
1828.0,875,876,1
1829.0,877,878,1
1830.0,877,879,1
1831.0,877,880,1
1832.0,877,881,1
1833.0,877,882,1
1834.0,878,879,2
1835.0,878,880,2
1836.0,878,881,2
1837.0,878,882,2
1838.0,879,880,2
1839.0,879,881,2
1840.0,879,882,2
1841.0,880,881,2
1842.0,880,882,2
1843.0,881,882,2
1844.0,861,862,1
1845.0,878,883,1
1846.0,879,883,1
1847.0,880,883,1
1848.0,881,883,1
1849.0,882,883,1
1850.0,883,884,1
1851.0,865,479,1
1852.0,865,867,1
1853.0,479,867,1
1854.0,866,867,1
1855.0,885,886,1
1856.0,885,887,1
1857.0,885,888,1
1858.0,886,887,1
1859.0,886,888,1
1860.0,887,888,1
1861.0,889,890,1
1862.0,889,891,1
1863.0,889,892,1
1864.0,890,891,1
1865.0,890,892,1
1866.0,891,892,1
1867.0,863,864,1
1868.0,893,894,1
1869.0,893,895,1
1870.0,893,896,1
1871.0,893,897,1
1872.0,893,898,1
1873.0,894,895,1
1874.0,894,896,1
1875.0,894,897,1
1876.0,894,898,1
1877.0,895,896,1
1878.0,895,897,1
1879.0,895,898,1
1880.0,896,897,1
1881.0,896,898,1
1882.0,897,898,1
1883.0,899,900,1
1884.0,899,901,1
1885.0,899,902,1
1886.0,900,901,1
1887.0,900,902,1
1888.0,901,902,1
1889.0,903,904,1
1890.0,903,905,1
1891.0,903,906,1
1892.0,904,905,1
1893.0,904,906,1
1894.0,905,906,1
1895.0,907,908,1
1896.0,907,909,1
1897.0,908,909,1
1898.0,910,911,1
1899.0,910,912,1
1900.0,910,913,1
1901.0,910,914,1
1902.0,910,915,1
1903.0,910,916,1
1904.0,911,912,1
1905.0,911,913,1
1906.0,911,914,1
1907.0,911,915,1
1908.0,911,916,1
1909.0,912,913,1
1910.0,912,914,1
1911.0,912,915,1
1912.0,912,916,1
1913.0,913,914,1
1914.0,913,915,1
1915.0,913,916,1
1916.0,914,915,1
1917.0,914,916,1
1918.0,915,916,1
1919.0,917,918,1
1920.0,919,920,1
1921.0,919,921,1
1922.0,919,922,1
1923.0,920,921,1
1924.0,920,922,1
1925.0,921,922,1
1926.0,923,924,1
1927.0,923,925,1
1928.0,923,926,1
1929.0,923,927,1
1930.0,924,925,1
1931.0,924,926,1
1932.0,924,927,1
1933.0,925,926,1
1934.0,925,927,1
1935.0,926,927,1
1936.0,928,929,1
1937.0,930,931,1
1938.0,930,932,1
1939.0,930,933,1
1940.0,931,932,1
1941.0,931,933,1
1942.0,932,933,1
1943.0,934,935,1
1944.0,936,937,1
1945.0,936,938,1
1946.0,936,939,1
1947.0,936,940,1
1948.0,937,938,1
1949.0,937,939,1
1950.0,937,940,1
1951.0,938,939,1
1952.0,938,940,1
1953.0,939,940,1
1954.0,941,942,1
1955.0,941,943,1
1956.0,941,944,1
1957.0,941,945,1
1958.0,941,946,1
1959.0,941,947,1
1960.0,942,943,1
1961.0,942,944,1
1962.0,942,945,1
1963.0,942,946,1
1964.0,942,947,1
1965.0,943,944,1
1966.0,943,945,1
1967.0,943,946,1
1968.0,943,947,1
1969.0,944,945,1
1970.0,944,946,1
1971.0,944,947,1
1972.0,945,946,1
1973.0,945,947,1
1974.0,946,947,1
1975.0,948,949,1
1976.0,948,950,1
1977.0,948,951,1
1978.0,949,950,1
1979.0,949,951,1
1980.0,950,951,1
1981.0,952,953,1
1982.0,952,954,1
1983.0,952,955,1
1984.0,953,954,1
1985.0,953,955,1
1986.0,954,955,1
1987.0,956,957,1
1988.0,956,958,1
1989.0,956,959,1
1990.0,957,958,1
1991.0,957,959,1
1992.0,958,959,1
1993.0,960,961,1
1994.0,960,962,1
1995.0,960,963,1
1996.0,960,964,1
1997.0,961,962,1
1998.0,961,963,1
1999.0,961,964,1
2000.0,962,963,1
2001.0,962,964,1
2002.0,963,964,1
2003.0,965,966,1
2004.0,965,967,1
2005.0,965,968,1
2006.0,966,967,1
2007.0,966,968,1
2008.0,967,968,1
2009.0,969,970,1
2010.0,969,971,1
2011.0,969,972,1
2012.0,970,971,1
2013.0,970,972,1
2014.0,971,972,2
2015.0,973,974,1
2016.0,975,976,1
2017.0,975,977,1
2018.0,975,978,1
2019.0,976,977,1
2020.0,976,978,1
2021.0,977,978,1
2022.0,979,262,1
2023.0,979,261,1
2024.0,262,261,1
2025.0,980,981,1
2026.0,980,982,1
2027.0,981,982,1
2028.0,983,984,1
2029.0,983,985,1
2030.0,984,985,1
2031.0,986,987,1
2032.0,986,988,1
2033.0,987,988,1
2034.0,989,990,1
2035.0,989,991,1
2036.0,990,991,1
2037.0,992,993,1
2038.0,992,994,1
2039.0,992,995,1
2040.0,993,994,1
2041.0,993,995,1
2042.0,994,995,1
2043.0,996,997,1
2044.0,996,998,1
2045.0,996,999,1
2046.0,996,1000,1
2047.0,996,1001,1
2048.0,996,1002,1
2049.0,997,998,1
2050.0,997,999,1
2051.0,997,1000,1
2052.0,997,1001,1
2053.0,997,1002,1
2054.0,998,999,1
2055.0,998,1000,1
2056.0,998,1001,1
2057.0,998,1002,1
2058.0,999,1000,1
2059.0,999,1001,1
2060.0,999,1002,1
2061.0,1000,1001,1
2062.0,1000,1002,1
2063.0,1001,1002,1
2064.0,1003,1004,1
2065.0,1003,1005,1
2066.0,1003,1006,1
2067.0,1003,1007,1
2068.0,1003,1008,1
2069.0,1003,1009,1
2070.0,1003,1010,1
2071.0,1004,1005,1
2072.0,1004,1006,1
2073.0,1004,1007,1
2074.0,1004,1008,1
2075.0,1004,1009,1
2076.0,1004,1010,1
2077.0,1005,1006,1
2078.0,1005,1007,1
2079.0,1005,1008,1
2080.0,1005,1009,1
2081.0,1005,1010,1
2082.0,1006,1007,1
2083.0,1006,1008,1
2084.0,1006,1009,1
2085.0,1006,1010,1
2086.0,1007,1008,1
2087.0,1007,1009,1
2088.0,1007,1010,1
2089.0,1008,1009,1
2090.0,1008,1010,1
2091.0,1009,1010,1
2092.0,1011,1012,1
2093.0,1011,1013,1
2094.0,1012,1013,1
2095.0,1014,1015,1
2096.0,1014,1016,1
2097.0,1015,1016,1
2098.0,1017,1018,1
2099.0,1017,1019,1
2100.0,1017,1020,1
2101.0,1017,1021,1
2102.0,1017,1022,1
2103.0,1018,1019,1
2104.0,1018,1020,1
2105.0,1018,1021,1
2106.0,1018,1022,1
2107.0,1019,1020,1
2108.0,1019,1021,1
2109.0,1019,1022,1
2110.0,1020,1021,1
2111.0,1020,1022,1
2112.0,1021,1022,1
2113.0,1023,1024,1
2114.0,1023,1025,1
2115.0,1023,1026,1
2116.0,1024,1025,1
2117.0,1024,1026,1
2118.0,1025,1026,3
2119.0,1027,1028,1
2120.0,1027,1029,1
2121.0,1027,1030,1
2122.0,1027,1031,1
2123.0,1027,1032,1
2124.0,1028,1029,1
2125.0,1028,1030,1
2126.0,1028,1031,1
2127.0,1028,1032,1
2128.0,1029,1030,1
2129.0,1029,1031,1
2130.0,1029,1032,1
2131.0,1030,1031,1
2132.0,1030,1032,1
2133.0,1031,1032,1
2134.0,1033,1034,1
2135.0,1035,1036,1
2136.0,1035,1037,1
2137.0,1035,1038,1
2138.0,1035,1039,1
2139.0,1036,1037,2
2140.0,1036,1038,2
2141.0,1036,1039,2
2142.0,1037,1038,2
2143.0,1037,1039,2
2144.0,1038,1039,2
2145.0,1040,1041,1
2146.0,1040,1042,1
2147.0,1041,1042,1
2148.0,1043,346,1
2149.0,1043,347,1
2150.0,1043,1044,1
2151.0,346,1044,1
2152.0,347,1044,1
2153.0,1045,1046,1
2154.0,1045,1047,1
2155.0,1045,1048,1
2156.0,1045,1049,1
2157.0,1046,1047,1
2158.0,1046,1048,1
2159.0,1046,1049,1
2160.0,1047,1048,1
2161.0,1047,1049,1
2162.0,1048,1049,1
2163.0,1050,1051,1
2164.0,1052,1053,1
2165.0,1052,1054,1
2166.0,1052,1055,1
2167.0,1052,1056,1
2168.0,1052,1057,1
2169.0,1053,1054,2
2170.0,1053,1055,2
2171.0,1053,1056,2
2172.0,1053,1057,2
2173.0,1054,1055,2
2174.0,1054,1056,2
2175.0,1054,1057,2
2176.0,1055,1056,2
2177.0,1055,1057,2
2178.0,1056,1057,2
2179.0,1058,1059,1
2180.0,1058,1060,1
2181.0,1058,1061,1
2182.0,1059,1060,1
2183.0,1059,1061,1
2184.0,1060,1061,1
2185.0,1062,1063,1
2186.0,1062,1064,1
2187.0,1062,1065,1
2188.0,1063,1064,1
2189.0,1063,1065,1
2190.0,1064,1065,1
2191.0,1066,1067,1
2192.0,1066,1068,1
2193.0,1066,1069,1
2194.0,1067,1068,1
2195.0,1067,1069,1
2196.0,1068,1069,1
2197.0,1036,1040,1
2198.0,1037,1040,1
2199.0,1038,1040,1
2200.0,1039,1040,1
2201.0,1070,1071,1
2202.0,1072,1073,1
2203.0,1072,1074,1
2204.0,1072,1075,1
2205.0,1072,1076,1
2206.0,1073,1074,1
2207.0,1073,1075,1
2208.0,1073,1076,1
2209.0,1074,1075,1
2210.0,1074,1076,1
2211.0,1075,1076,1
2212.0,1044,346,1
2213.0,1044,347,1
2214.0,1044,1045,1
2215.0,346,1045,1
2216.0,347,1045,1
2217.0,1077,1078,1
2218.0,1077,1079,1
2219.0,1077,1080,1
2220.0,1078,1079,1
2221.0,1078,1080,1
2222.0,1079,1080,1
2223.0,1053,1058,1
2224.0,1054,1058,1
2225.0,1055,1058,1
2226.0,1056,1058,1
2227.0,1057,1058,1
2228.0,1081,1082,1
2229.0,1081,1083,1
2230.0,1081,1084,1
2231.0,1082,1083,1
2232.0,1082,1084,1
2233.0,1083,1084,1
2234.0,1085,1086,1
2235.0,1085,1087,1
2236.0,1085,1088,1
2237.0,1085,1089,1
2238.0,1085,1090,1
2239.0,1086,1087,1
2240.0,1086,1088,1
2241.0,1086,1089,1
2242.0,1086,1090,1
2243.0,1087,1088,1
2244.0,1087,1089,1
2245.0,1087,1090,1
2246.0,1088,1089,1
2247.0,1088,1090,1
2248.0,1089,1090,1
2249.0,1091,1092,1
2250.0,1091,1093,1
2251.0,1091,1094,1
2252.0,1092,1093,1
2253.0,1092,1094,1
2254.0,1093,1094,1
2255.0,1095,1096,1
2256.0,1095,1097,1
2257.0,1096,1097,1
2258.0,1098,1099,1
2259.0,1098,1100,1
2260.0,1098,1101,1
2261.0,1099,1100,1
2262.0,1099,1101,1
2263.0,1100,1101,1
2264.0,1102,1103,1
2265.0,1104,1105,1
2266.0,1104,1106,1
2267.0,1105,1106,1
2268.0,1107,1108,1
2269.0,1109,1110,1
2270.0,1109,1111,1
2271.0,1110,1111,1
2272.0,1112,1113,1
2273.0,1112,1114,1
2274.0,1112,1115,1
2275.0,1112,1116,1
2276.0,1112,1117,1
2277.0,1113,1114,1
2278.0,1113,1115,1
2279.0,1113,1116,1
2280.0,1113,1117,1
2281.0,1114,1115,1
2282.0,1114,1116,1
2283.0,1114,1117,1
2284.0,1115,1116,1
2285.0,1115,1117,1
2286.0,1116,1117,1
2287.0,1118,1119,1
2288.0,1118,1120,1
2289.0,1118,1121,1
2290.0,1118,1122,1
2291.0,1119,1120,1
2292.0,1119,1121,1
2293.0,1119,1122,1
2294.0,1120,1121,1
2295.0,1120,1122,1
2296.0,1121,1122,1
2297.0,1123,1124,1
2298.0,1123,1125,1
2299.0,1123,1126,1
2300.0,1123,1127,1
2301.0,1124,1125,1
2302.0,1124,1126,1
2303.0,1124,1127,1
2304.0,1125,1126,1
2305.0,1125,1127,1
2306.0,1126,1127,1
2307.0,1128,1129,1
2308.0,1128,1130,1
2309.0,1128,1131,1
2310.0,1128,1132,1
2311.0,1129,1130,1
2312.0,1129,1131,1
2313.0,1129,1132,1
2314.0,1130,1131,1
2315.0,1130,1132,1
2316.0,1131,1132,1
2317.0,1133,455,1
2318.0,1133,1134,1
2319.0,455,1134,1
2320.0,1135,1136,1
2321.0,1135,1137,1
2322.0,1135,1138,1
2323.0,1136,1137,1
2324.0,1136,1138,1
2325.0,1137,1138,1
2326.0,1139,1140,1
2327.0,1139,1141,1
2328.0,1139,1142,1
2329.0,1139,1143,1
2330.0,1140,1141,1
2331.0,1140,1142,1
2332.0,1140,1143,1
2333.0,1141,1142,1
2334.0,1141,1143,1
2335.0,1142,1143,1
2336.0,1144,1145,1
2337.0,1144,1146,1
2338.0,1144,1147,1
2339.0,1144,1148,1
2340.0,1145,1146,1
2341.0,1145,1147,1
2342.0,1145,1148,1
2343.0,1146,1147,1
2344.0,1146,1148,1
2345.0,1147,1148,1
2346.0,1149,1150,1
2347.0,1149,1151,1
2348.0,1149,1152,1
2349.0,1149,1153,1
2350.0,1149,1154,1
2351.0,1149,1155,1
2352.0,1149,1156,1
2353.0,1150,1151,1
2354.0,1150,1152,1
2355.0,1150,1153,1
2356.0,1150,1154,1
2357.0,1150,1155,1
2358.0,1150,1156,1
2359.0,1151,1152,1
2360.0,1151,1153,1
2361.0,1151,1154,1
2362.0,1151,1155,1
2363.0,1151,1156,1
2364.0,1152,1153,1
2365.0,1152,1154,1
2366.0,1152,1155,1
2367.0,1152,1156,1
2368.0,1153,1154,1
2369.0,1153,1155,1
2370.0,1153,1156,1
2371.0,1154,1155,1
2372.0,1154,1156,1
2373.0,1155,1156,1
2374.0,1157,1158,1
2375.0,1157,1159,1
2376.0,1157,1160,1
2377.0,1157,1161,1
2378.0,1157,1162,1
2379.0,1158,1159,1
2380.0,1158,1160,1
2381.0,1158,1161,1
2382.0,1158,1162,1
2383.0,1159,1160,1
2384.0,1159,1161,1
2385.0,1159,1162,1
2386.0,1160,1161,1
2387.0,1160,1162,1
2388.0,1161,1162,1
2389.0,1163,1164,1
2390.0,1163,1165,1
2391.0,1164,1165,1
2392.0,1166,1167,1
2393.0,1166,539,1
2394.0,1166,542,1
2395.0,1166,541,1
2396.0,1166,544,1
2397.0,1167,539,1
2398.0,1167,542,1
2399.0,1167,541,1
2400.0,1167,544,1
2401.0,539,544,1
2402.0,542,541,1
2403.0,542,544,1
2404.0,541,544,1
2405.0,1168,739,1
2406.0,1169,1170,1
2407.0,1169,576,1
2408.0,1169,1171,1
2409.0,1169,577,1
2410.0,1170,576,1
2411.0,1170,1171,1
2412.0,1170,577,1
2413.0,576,1171,1
2414.0,1171,577,2
2415.0,1172,1173,1
2416.0,1172,1174,1
2417.0,1172,1175,1
2418.0,1172,54,1
2419.0,1173,1174,1
2420.0,1173,1175,1
2421.0,1173,54,1
2422.0,1174,1175,1
2423.0,1174,54,1
2424.0,1175,54,2
2425.0,1176,1177,1
2426.0,1178,1179,1
2427.0,1180,1181,1
2428.0,1180,1182,1
2429.0,1181,1182,1
2430.0,1183,1184,1
2431.0,1183,1185,1
2432.0,1183,1186,1
2433.0,1184,1185,1
2434.0,1184,1186,1
2435.0,1185,1186,1
2436.0,1187,892,1
2437.0,1188,479,1
2438.0,1188,1189,1
2439.0,1188,1190,1
2440.0,479,1189,1
2441.0,479,1190,1
2442.0,1189,1190,1
2443.0,1191,1171,1
2444.0,1191,576,1
2445.0,1191,1172,1
2446.0,1191,577,1
2447.0,1171,576,1
2448.0,1171,1172,1
2449.0,576,1172,1
2450.0,1172,577,1
2451.0,1192,1193,1
2452.0,1192,1194,1
2453.0,1192,1195,1
2454.0,1192,1196,1
2455.0,1193,1194,2
2456.0,1193,1195,2
2457.0,1193,1196,2
2458.0,1194,1195,2
2459.0,1194,1196,2
2460.0,1195,1196,2
2461.0,1197,1198,1
2462.0,1197,1199,1
2463.0,1198,1199,1
2464.0,1200,1201,1
2465.0,1202,1203,1
2466.0,1202,1204,1
2467.0,1203,1204,1
2468.0,1205,1206,1
2469.0,1205,1207,1
2470.0,1205,1208,1
2471.0,1205,1209,1
2472.0,1205,1210,1
2473.0,1205,1211,1
2474.0,1206,1207,1
2475.0,1206,1208,1
2476.0,1206,1209,1
2477.0,1206,1210,1
2478.0,1206,1211,1
2479.0,1207,1208,1
2480.0,1207,1209,1
2481.0,1207,1210,1
2482.0,1207,1211,1
2483.0,1208,1209,1
2484.0,1208,1210,1
2485.0,1208,1211,1
2486.0,1209,1210,1
2487.0,1209,1211,1
2488.0,1210,1211,1
2489.0,1212,1213,1
2490.0,1212,1214,1
2491.0,1213,1214,1
2492.0,1215,1216,1
2493.0,1215,1217,1
2494.0,1215,1218,1
2495.0,1215,1219,1
2496.0,1216,1217,2
2497.0,1216,1218,2
2498.0,1216,1219,2
2499.0,1217,1218,2
2500.0,1217,1219,2
2501.0,1218,1219,2
2502.0,1220,1221,1
2503.0,1220,1222,1
2504.0,1220,1223,1
2505.0,1220,1224,1
2506.0,1221,1222,1
2507.0,1221,1223,1
2508.0,1221,1224,1
2509.0,1222,1223,1
2510.0,1222,1224,1
2511.0,1223,1224,1
2512.0,1216,1220,1
2513.0,1217,1220,1
2514.0,1218,1220,1
2515.0,1219,1220,1
2516.0,1225,1226,1
2517.0,1225,1227,1
2518.0,1225,1228,1
2519.0,1226,1227,1
2520.0,1226,1228,1
2521.0,1227,1228,1
2522.0,1229,1230,1
2523.0,1229,1231,1
2524.0,1230,1231,1
2525.0,1232,1233,1
2526.0,1232,1234,1
2527.0,1233,1234,1
2528.0,1235,1236,1
2529.0,1237,1238,1
2530.0,1237,1239,1
2531.0,1237,448,1
2532.0,1238,1239,1
2533.0,1238,448,1
2534.0,1239,448,1
2535.0,1184,1240,1
2536.0,1184,1241,1
2537.0,1184,1242,1
2538.0,1240,1241,1
2539.0,1240,1242,1
2540.0,1241,1242,1
2541.0,1243,1244,1
2542.0,1243,1245,1
2543.0,1243,1246,1
2544.0,1244,1245,1
2545.0,1244,1246,1
2546.0,1245,1246,1
2547.0,1247,1248,1
2548.0,1247,1249,1
2549.0,1248,1249,1
2550.0,1250,1251,1
2551.0,1250,1252,1
2552.0,1251,1252,1
2553.0,1253,1254,1
2554.0,1253,1112,1
2555.0,1254,1112,1
2556.0,1177,1178,1
2557.0,1193,1197,1
2558.0,1194,1197,1
2559.0,1195,1197,1
2560.0,1196,1197,1
2561.0,1255,1256,1
2562.0,1255,1257,1
2563.0,1255,1258,1
2564.0,1255,1259,1
2565.0,1255,1260,1
2566.0,1256,1257,1
2567.0,1256,1258,1
2568.0,1256,1259,1
2569.0,1256,1260,1
2570.0,1257,1258,1
2571.0,1257,1259,1
2572.0,1257,1260,1
2573.0,1258,1259,1
2574.0,1258,1260,1
2575.0,1259,1260,1
2576.0,1261,1262,1
2577.0,1261,1263,1
2578.0,1261,1264,1
2579.0,1262,1263,1
2580.0,1262,1264,1
2581.0,1263,1264,1
2582.0,1265,1266,1
2583.0,1265,1267,1
2584.0,1265,1268,1
2585.0,1266,1267,1
2586.0,1266,1268,1
2587.0,1267,1268,1
2588.0,1269,1270,1
2589.0,1271,1272,1
2590.0,1271,1273,1
2591.0,1271,1274,1
2592.0,1272,1273,1
2593.0,1272,1274,1
2594.0,1273,1274,1
2595.0,1275,356,1
2596.0,1275,1276,1
2597.0,1275,1277,1
2598.0,1275,1278,1
2599.0,1275,1279,1
2600.0,356,1276,1
2601.0,356,1277,1
2602.0,356,1278,1
2603.0,356,1279,1
2604.0,1276,1277,1
2605.0,1276,1278,1
2606.0,1276,1279,1
2607.0,1277,1278,1
2608.0,1277,1279,1
2609.0,1278,1279,1
2610.0,1280,1281,1
2611.0,1280,1282,1
2612.0,1281,1282,1
2613.0,1283,1284,1
2614.0,1283,1285,1
2615.0,1283,1286,1
2616.0,1283,1287,1
2617.0,1283,1288,1
2618.0,1284,1285,1
2619.0,1284,1286,1
2620.0,1284,1287,1
2621.0,1284,1288,1
2622.0,1285,1286,1
2623.0,1285,1287,1
2624.0,1285,1288,1
2625.0,1286,1287,1
2626.0,1286,1288,1
2627.0,1287,1288,1
2628.0,1289,1290,1
2629.0,1289,1291,1
2630.0,1289,1292,1
2631.0,1290,1291,1
2632.0,1290,1292,1
2633.0,1291,1292,1
2634.0,1293,1294,1
2635.0,1295,1296,1
2636.0,1295,1297,1
2637.0,1296,1297,1
2638.0,1298,1299,1
2639.0,1298,1300,1
2640.0,1299,1300,1
2641.0,1301,1302,1
2642.0,1301,1303,1
2643.0,1301,1304,1
2644.0,1302,1303,1
2645.0,1302,1304,1
2646.0,1303,1304,1
2647.0,1305,1306,1
2648.0,1305,5,1
2649.0,1306,5,4
2650.0,1307,1308,1
2651.0,1307,1309,1
2652.0,1307,1310,1
2653.0,1307,1311,1
2654.0,1308,1309,1
2655.0,1308,1310,1
2656.0,1308,1311,1
2657.0,1309,1310,1
2658.0,1309,1311,1
2659.0,1310,1311,1
2660.0,1312,1313,1
2661.0,1312,1314,1
2662.0,1312,1315,1
2663.0,1312,1316,1
2664.0,1312,1317,1
2665.0,1312,1318,1
2666.0,1313,1314,1
2667.0,1313,1315,1
2668.0,1313,1316,1
2669.0,1313,1317,1
2670.0,1313,1318,1
2671.0,1314,1315,1
2672.0,1314,1316,1
2673.0,1314,1317,1
2674.0,1314,1318,1
2675.0,1315,1316,1
2676.0,1315,1317,1
2677.0,1315,1318,1
2678.0,1316,1317,1
2679.0,1316,1318,1
2680.0,1317,1318,1
2681.0,1319,1320,1
2682.0,1321,1322,1
2683.0,1321,1323,1
2684.0,1321,1324,1
2685.0,1321,1325,1
2686.0,1321,1326,1
2687.0,1322,1323,1
2688.0,1322,1324,1
2689.0,1322,1325,1
2690.0,1322,1326,1
2691.0,1323,1324,1
2692.0,1323,1325,1
2693.0,1323,1326,1
2694.0,1324,1325,1
2695.0,1324,1326,1
2696.0,1325,1326,1
2697.0,1327,1328,1
2698.0,1329,1330,1
2699.0,1329,1331,1
2700.0,1329,1332,1
2701.0,1330,1331,1
2702.0,1330,1332,1
2703.0,1331,1332,1
2704.0,1333,1334,1
2705.0,1333,276,1
2706.0,1333,1335,1
2707.0,1333,1336,1
2708.0,1333,1337,1
2709.0,1333,281,1
2710.0,1333,1338,1
2711.0,1333,282,1
2712.0,1334,276,1
2713.0,1334,1335,1
2714.0,1334,1336,1
2715.0,1334,1337,1
2716.0,1334,281,1
2717.0,1334,1338,1
2718.0,1334,282,1
2719.0,276,1335,1
2720.0,276,1336,1
2721.0,276,1337,1
2722.0,276,1338,1
2723.0,1335,1336,1
2724.0,1335,1337,1
2725.0,1335,281,1
2726.0,1335,1338,1
2727.0,1335,282,1
2728.0,1336,1337,1
2729.0,1336,281,1
2730.0,1336,1338,1
2731.0,1336,282,1
2732.0,1337,281,1
2733.0,1337,1338,1
2734.0,1337,282,1
2735.0,281,1338,1
2736.0,281,282,1
2737.0,1338,282,1
2738.0,1339,1340,1
2739.0,1339,1341,1
2740.0,1339,1342,1
2741.0,1340,1341,1
2742.0,1340,1342,1
2743.0,1341,1342,1
2744.0,1343,1344,1
2745.0,1345,1346,1
2746.0,1345,1347,1
2747.0,1345,1348,1
2748.0,1345,1349,1
2749.0,1346,1347,1
2750.0,1346,1348,1
2751.0,1346,1349,1
2752.0,1347,1348,1
2753.0,1347,1349,1
2754.0,1348,1349,1
2755.0,1350,1351,1
2756.0,1350,1352,1
2757.0,1351,1352,1
2758.0,1353,1354,1
2759.0,1353,1355,1
2760.0,1353,1356,1
2761.0,1354,1355,2
2762.0,1354,1356,2
2763.0,1355,1356,2
2764.0,1357,1358,1
2765.0,1359,1360,1
2766.0,1359,1361,1
2767.0,1360,1361,1
2768.0,1362,1363,1
2769.0,1362,1364,1
2770.0,1362,1365,1
2771.0,1362,1366,1
2772.0,1362,1367,1
2773.0,1362,1368,1
2774.0,1363,1364,1
2775.0,1363,1365,1
2776.0,1363,1366,1
2777.0,1363,1367,1
2778.0,1363,1368,1
2779.0,1364,1365,1
2780.0,1364,1366,1
2781.0,1364,1367,1
2782.0,1364,1368,1
2783.0,1365,1366,1
2784.0,1365,1367,1
2785.0,1365,1368,1
2786.0,1366,1367,1
2787.0,1366,1368,1
2788.0,1367,1368,1
2789.0,1369,1370,1
2790.0,1371,1372,1
2791.0,1373,1374,1
2792.0,1375,1376,1
2793.0,1375,1377,1
2794.0,1376,1377,1
2795.0,1378,1379,1
2796.0,1378,1380,1
2797.0,1379,1380,2
2798.0,1381,1025,1
2799.0,1381,1026,1
2800.0,1381,1027,1
2801.0,1025,1027,2
2802.0,1026,1027,2
2803.0,1382,1025,1
2804.0,1382,1026,1
2805.0,1382,1027,1
2806.0,1354,1357,1
2807.0,1355,1357,1
2808.0,1356,1357,1
2809.0,1382,1383,1
2810.0,1382,1384,1
2811.0,1383,1384,1
2812.0,1379,1381,1
2813.0,1380,1381,1
2814.0,1385,1386,1
2815.0,1385,1387,1
2816.0,1385,1388,1
2817.0,1385,1389,1
2818.0,1386,1387,1
2819.0,1386,1388,1
2820.0,1386,1389,1
2821.0,1387,1388,1
2822.0,1387,1389,1
2823.0,1388,1389,1
2824.0,1390,1391,1
2825.0,1390,1392,1
2826.0,1391,1392,1
2827.0,1393,1394,1
2828.0,1395,1396,1
2829.0,1395,1397,1
2830.0,1396,1397,1
2831.0,1372,1373,1
2832.0,1374,1375,1
2833.0,1398,1399,1
2834.0,1398,1400,1
2835.0,1398,1401,1
2836.0,1398,1402,1
2837.0,1399,1400,1
2838.0,1399,1401,1
2839.0,1399,1402,1
2840.0,1400,1401,1
2841.0,1400,1402,1
2842.0,1401,1402,1
2843.0,1403,1404,1
2844.0,1403,1405,1
2845.0,1403,1406,1
2846.0,1404,1405,1
2847.0,1404,1406,1
2848.0,1405,1406,1
2849.0,1407,1408,1
2850.0,1407,1409,1
2851.0,1407,1410,1
2852.0,1408,1409,1
2853.0,1408,1410,1
2854.0,1409,1410,1
2855.0,1411,1412,1
2856.0,1411,1413,1
2857.0,1411,1414,1
2858.0,1412,1413,1
2859.0,1412,1414,1
2860.0,1413,1414,1
2861.0,1415,1416,1
2862.0,1415,1417,1
2863.0,1416,1417,1
2864.0,1418,1419,1
2865.0,1418,1420,1
2866.0,1419,1420,1
2867.0,1421,1422,1
2868.0,1421,1423,1
2869.0,1422,1423,1
2870.0,1424,1425,1
2871.0,1424,1426,1
2872.0,1424,1427,1
2873.0,1424,1428,1
2874.0,1424,1429,1
2875.0,1425,1426,1
2876.0,1425,1427,1
2877.0,1425,1428,1
2878.0,1425,1429,1
2879.0,1426,1427,1
2880.0,1426,1428,1
2881.0,1426,1429,1
2882.0,1427,1428,1
2883.0,1427,1429,1
2884.0,1428,1429,1
2885.0,1430,1431,1
2886.0,1430,1432,1
2887.0,1430,1433,1
2888.0,1430,1434,1
2889.0,1430,1435,1
2890.0,1431,1432,1
2891.0,1431,1433,1
2892.0,1431,1434,1
2893.0,1431,1435,1
2894.0,1432,1433,1
2895.0,1432,1434,1
2896.0,1432,1435,1
2897.0,1433,1434,1
2898.0,1433,1435,1
2899.0,1434,1435,1
2900.0,1436,1175,1
2901.0,1436,1437,1
2902.0,1436,54,1
2903.0,1175,1437,1
2904.0,1437,54,1
2905.0,1438,1439,1
2906.0,1438,1440,1
2907.0,1439,1440,1
2908.0,1441,1442,1
2909.0,1441,1443,1
2910.0,1441,1444,1
2911.0,1442,1443,1
2912.0,1442,1444,1
2913.0,1443,1444,1
2914.0,1445,1446,1
2915.0,1445,1447,1
2916.0,1445,952,1
2917.0,1446,1447,1
2918.0,1446,952,1
2919.0,1447,952,1
2920.0,1448,1449,1
2921.0,1448,1450,1
2922.0,1449,1450,1
2923.0,1451,1452,1
2924.0,1451,1453,1
2925.0,1452,1453,1
2926.0,1454,1455,1
2927.0,1454,1456,1
2928.0,1454,1457,1
2929.0,1454,1458,1
2930.0,1454,1459,1
2931.0,1454,1460,1
2932.0,1455,1456,1
2933.0,1455,1457,1
2934.0,1455,1458,1
2935.0,1455,1459,1
2936.0,1455,1460,1
2937.0,1456,1457,1
2938.0,1456,1458,1
2939.0,1456,1459,1
2940.0,1456,1460,1
2941.0,1457,1458,1
2942.0,1457,1459,1
2943.0,1457,1460,1
2944.0,1458,1459,1
2945.0,1458,1460,1
2946.0,1459,1460,1
2947.0,1461,1462,1
2948.0,1461,1463,1
2949.0,1461,1464,1
2950.0,1462,1463,1
2951.0,1462,1464,1
2952.0,1463,1464,1
2953.0,1465,1466,1
2954.0,1465,1467,1
2955.0,1465,1468,1
2956.0,1465,1469,1
2957.0,1465,1470,1
2958.0,1465,1471,1
2959.0,1466,1467,1
2960.0,1466,1468,1
2961.0,1466,1469,1
2962.0,1466,1470,1
2963.0,1466,1471,1
2964.0,1467,1468,1
2965.0,1467,1469,1
2966.0,1467,1470,1
2967.0,1467,1471,1
2968.0,1468,1469,1
2969.0,1468,1470,1
2970.0,1468,1471,1
2971.0,1469,1470,1
2972.0,1469,1471,1
2973.0,1470,1471,1
2974.0,1472,1473,1
2975.0,1472,1474,1
2976.0,1473,1474,1
2977.0,1475,1093,1
2978.0,1475,1476,1
2979.0,1475,1477,1
2980.0,1093,1476,1
2981.0,1093,1477,1
2982.0,1476,1477,1
2983.0,1478,385,1
2984.0,1478,387,1
2985.0,1479,1480,1
2986.0,1479,1481,1
2987.0,1479,1482,1
2988.0,1479,1483,1
2989.0,1480,1481,1
2990.0,1480,1482,1
2991.0,1480,1483,1
2992.0,1481,1482,1
2993.0,1481,1483,1
2994.0,1482,1483,1
2995.0,1484,1485,1
2996.0,1486,1487,1
2997.0,1486,1488,1
2998.0,1487,1488,1
2999.0,1489,1490,1
3000.0,1489,1491,1
3001.0,1490,1491,1
3002.0,1492,1493,1
3003.0,1492,1494,1
3004.0,1492,1495,1
3005.0,1492,1496,1
3006.0,1492,1497,1
3007.0,1492,1498,1
3008.0,1493,1494,1
3009.0,1493,1495,1
3010.0,1493,1496,1
3011.0,1493,1497,1
3012.0,1493,1498,1
3013.0,1494,1495,1
3014.0,1494,1496,1
3015.0,1494,1497,1
3016.0,1494,1498,1
3017.0,1495,1496,1
3018.0,1495,1497,1
3019.0,1495,1498,1
3020.0,1496,1497,1
3021.0,1496,1498,1
3022.0,1497,1498,1
3023.0,1499,1500,1
3024.0,1499,1501,1
3025.0,1499,1502,1
3026.0,1500,1501,1
3027.0,1500,1502,1
3028.0,1501,1502,1
3029.0,1503,902,1
3030.0,1503,901,1
3031.0,1503,903,1
3032.0,1503,1504,1
3033.0,1503,1505,1
3034.0,1503,1506,1
3035.0,902,901,1
3036.0,902,903,1
3037.0,902,1504,1
3038.0,902,1505,1
3039.0,902,1506,1
3040.0,901,903,1
3041.0,901,1504,1
3042.0,901,1505,1
3043.0,901,1506,1
3044.0,903,1504,1
3045.0,903,1505,1
3046.0,903,1506,1
3047.0,1504,1505,1
3048.0,1504,1506,1
3049.0,1505,1506,1
3050.0,1507,1508,1
3051.0,1507,1509,1
3052.0,1507,1510,1
3053.0,1508,1509,1
3054.0,1508,1510,1
3055.0,1509,1510,1
3056.0,1511,1512,1
3057.0,1511,1513,1
3058.0,1511,1514,1
3059.0,1511,1515,1
3060.0,1511,1516,1
3061.0,1512,1513,1
3062.0,1512,1514,1
3063.0,1512,1515,1
3064.0,1512,1516,1
3065.0,1513,1514,1
3066.0,1513,1515,1
3067.0,1513,1516,1
3068.0,1514,1515,1
3069.0,1514,1516,1
3070.0,1515,1516,1
3071.0,1517,1518,1
3072.0,1517,1519,1
3073.0,1518,1519,2
3074.0,1520,1521,1
3075.0,1520,1522,1
3076.0,1521,1522,1
3077.0,1523,1524,1
3078.0,1525,1526,1
3079.0,1527,1528,1
3080.0,1527,1529,1
3081.0,1527,1530,1
3082.0,1527,1531,1
3083.0,1527,1532,1
3084.0,1527,1533,1
3085.0,1527,1534,1
3086.0,1528,1529,2
3087.0,1528,1530,2
3088.0,1528,1531,2
3089.0,1528,1532,2
3090.0,1528,1533,2
3091.0,1528,1534,2
3092.0,1529,1530,2
3093.0,1529,1531,2
3094.0,1529,1532,2
3095.0,1529,1533,2
3096.0,1529,1534,2
3097.0,1530,1531,2
3098.0,1530,1532,2
3099.0,1530,1533,2
3100.0,1530,1534,2
3101.0,1531,1532,2
3102.0,1531,1533,2
3103.0,1531,1534,2
3104.0,1532,1533,2
3105.0,1532,1534,2
3106.0,1533,1534,2
3107.0,1535,1536,1
3108.0,1535,1537,1
3109.0,1535,327,1
3110.0,1535,1538,1
3111.0,1535,1539,1
3112.0,1535,1540,1
3113.0,1536,1537,2
3114.0,1536,327,2
3115.0,1536,1538,2
3116.0,1536,1539,2
3117.0,1536,1540,2
3118.0,1537,327,2
3119.0,1537,1538,2
3120.0,1537,1539,2
3121.0,1537,1540,2
3122.0,327,1538,1
3123.0,327,1539,2
3124.0,327,1540,2
3125.0,1538,1539,2
3126.0,1538,1540,2
3127.0,1539,1540,2
3128.0,1541,1542,1
3129.0,1541,1543,1
3130.0,1541,1544,1
3131.0,1542,1543,1
3132.0,1542,1544,1
3133.0,1543,1544,1
3134.0,1545,1546,1
3135.0,1545,1547,1
3136.0,1545,1548,1
3137.0,1545,1549,1
3138.0,1546,1547,1
3139.0,1546,1548,1
3140.0,1546,1549,1
3141.0,1547,1548,1
3142.0,1547,1549,1
3143.0,1548,1549,1
3144.0,1550,1551,1
3145.0,1552,1486,1
3146.0,1553,1554,1
3147.0,1555,1556,1
3148.0,1555,1557,1
3149.0,1556,1557,1
3150.0,1558,1559,1
3151.0,1558,1560,1
3152.0,1558,1561,1
3153.0,1558,1562,1
3154.0,1559,1560,1
3155.0,1559,1561,1
3156.0,1559,1562,1
3157.0,1560,1561,1
3158.0,1560,1562,1
3159.0,1561,1562,1
3160.0,1518,1520,1
3161.0,1519,1520,1
3162.0,1563,1564,1
3163.0,1563,1565,1
3164.0,1563,1566,1
3165.0,1564,1565,1
3166.0,1564,1566,1
3167.0,1565,1566,2
3168.0,1567,9,1
3169.0,1567,1568,1
3170.0,9,1568,1
3171.0,1569,1570,1
3172.0,1569,1571,1
3173.0,1569,1572,1
3174.0,1570,1571,1
3175.0,1570,1572,1
3176.0,1571,1572,1
3177.0,1573,1574,1
3178.0,1573,1575,1
3179.0,1573,1576,1
3180.0,1573,1577,1
3181.0,1574,1575,1
3182.0,1574,1576,1
3183.0,1574,1577,1
3184.0,1575,1576,1
3185.0,1575,1577,1
3186.0,1576,1577,1
3187.0,1578,1579,1
3188.0,1578,1580,1
3189.0,1578,1581,1
3190.0,1578,1582,1
3191.0,1579,1580,1
3192.0,1579,1581,1
3193.0,1579,1582,1
3194.0,1580,1581,1
3195.0,1580,1582,1
3196.0,1581,1582,1
3197.0,1583,1584,1
3198.0,1583,1585,1
3199.0,1583,1586,1
3200.0,1583,436,1
3201.0,1583,1464,1
3202.0,1583,1587,1
3203.0,1583,1588,1
3204.0,1583,1589,1
3205.0,1583,1590,1
3206.0,1584,1585,1
3207.0,1584,1586,1
3208.0,1584,436,1
3209.0,1584,1464,1
3210.0,1584,1587,1
3211.0,1584,1588,1
3212.0,1584,1589,1
3213.0,1584,1590,1
3214.0,1585,1586,1
3215.0,1585,436,1
3216.0,1585,1464,1
3217.0,1585,1587,1
3218.0,1585,1588,1
3219.0,1585,1589,1
3220.0,1585,1590,1
3221.0,1586,436,1
3222.0,1586,1464,1
3223.0,1586,1587,1
3224.0,1586,1588,1
3225.0,1586,1589,1
3226.0,1586,1590,1
3227.0,436,1464,1
3228.0,436,1587,1
3229.0,436,1588,1
3230.0,436,1589,1
3231.0,436,1590,1
3232.0,1464,1587,1
3233.0,1464,1588,1
3234.0,1464,1589,1
3235.0,1464,1590,1
3236.0,1587,1588,1
3237.0,1587,1589,1
3238.0,1587,1590,1
3239.0,1588,1589,1
3240.0,1588,1590,1
3241.0,1589,1590,1
3242.0,1591,1592,1
3243.0,1591,1593,1
3244.0,1592,1593,1
3245.0,1528,1535,1
3246.0,1529,1535,1
3247.0,1530,1535,1
3248.0,1531,1535,1
3249.0,1532,1535,1
3250.0,1533,1535,1
3251.0,1534,1535,1
3252.0,1536,1541,1
3253.0,1537,1541,1
3254.0,1538,327,1
3255.0,1538,1541,1
3256.0,327,1541,1
3257.0,1539,1541,1
3258.0,1540,1541,1
3259.0,1594,1595,1
3260.0,1594,1596,1
3261.0,1595,1596,1
3262.0,1597,1598,1
3263.0,1597,1599,1
3264.0,1597,1600,1
3265.0,1597,1601,1
3266.0,1597,1602,1
3267.0,1598,1599,1
3268.0,1598,1600,1
3269.0,1598,1601,1
3270.0,1598,1602,1
3271.0,1599,1600,1
3272.0,1599,1601,1
3273.0,1599,1602,1
3274.0,1600,1601,1
3275.0,1600,1602,1
3276.0,1601,1602,1
3277.0,1603,1604,1
3278.0,1603,1605,1
3279.0,1603,1606,1
3280.0,1603,1607,1
3281.0,1604,1605,1
3282.0,1604,1606,1
3283.0,1604,1607,1
3284.0,1605,1606,1
3285.0,1605,1607,1
3286.0,1606,1607,1
3287.0,1608,1609,1
3288.0,1610,1611,1
3289.0,1612,1613,1
3290.0,1612,1614,1
3291.0,1612,1615,1
3292.0,1613,1614,1
3293.0,1613,1615,1
3294.0,1614,1615,1
3295.0,1616,1323,1
3296.0,1616,1617,1
3297.0,1616,1618,1
3298.0,1616,1619,1
3299.0,1616,1620,1
3300.0,1616,1621,1
3301.0,1323,1617,1
3302.0,1323,1618,1
3303.0,1323,1619,1
3304.0,1323,1620,1
3305.0,1323,1621,1
3306.0,1617,1618,1
3307.0,1617,1619,1
3308.0,1617,1620,1
3309.0,1617,1621,1
3310.0,1618,1619,1
3311.0,1618,1620,1
3312.0,1618,1621,1
3313.0,1619,1620,1
3314.0,1619,1621,1
3315.0,1620,1621,1
3316.0,1622,1623,1
3317.0,1622,479,1
3318.0,1622,1624,1
3319.0,1623,479,1
3320.0,1623,1624,1
3321.0,479,1624,1
3322.0,1625,1626,1
3323.0,1625,1627,1
3324.0,1625,1628,1
3325.0,1626,1627,1
3326.0,1626,1628,1
3327.0,1627,1628,1
3328.0,1629,1630,1
3329.0,1629,1631,1
3330.0,1629,1632,1
3331.0,1629,1633,1
3332.0,1630,1631,1
3333.0,1630,1632,1
3334.0,1630,1633,1
3335.0,1631,1632,1
3336.0,1631,1633,1
3337.0,1632,1633,1
3338.0,1634,1635,1
3339.0,1634,1636,1
3340.0,1634,1637,1
3341.0,1634,1638,1
3342.0,1634,1639,1
3343.0,1635,1636,1
3344.0,1635,1637,1
3345.0,1635,1638,1
3346.0,1635,1639,1
3347.0,1636,1637,1
3348.0,1636,1638,1
3349.0,1636,1639,1
3350.0,1637,1638,1
3351.0,1637,1639,1
3352.0,1638,1639,1
3353.0,1640,1641,1
3354.0,1640,1642,1
3355.0,1640,1643,1
3356.0,1640,1644,1
3357.0,1640,429,1
3358.0,1640,1645,1
3359.0,1640,1646,1
3360.0,1641,1642,1
3361.0,1641,1643,1
3362.0,1641,1644,1
3363.0,1641,429,1
3364.0,1641,1645,1
3365.0,1641,1646,1
3366.0,1642,1643,1
3367.0,1642,1644,1
3368.0,1642,429,1
3369.0,1642,1645,1
3370.0,1642,1646,1
3371.0,1643,1644,1
3372.0,1643,429,1
3373.0,1643,1645,1
3374.0,1643,1646,1
3375.0,1644,429,1
3376.0,1644,1645,1
3377.0,1644,1646,1
3378.0,429,1645,1
3379.0,429,1646,1
3380.0,1645,1646,1
3381.0,1647,1565,1
3382.0,1647,1566,1
3383.0,1647,1567,1
3384.0,1565,1567,1
3385.0,1566,1567,1
3386.0,1648,1649,1
3387.0,1650,1651,1
3388.0,1652,1653,1
3389.0,1652,1654,1
3390.0,1653,1654,1
3391.0,1655,1656,1
3392.0,1655,1657,1
3393.0,1655,1072,1
3394.0,1656,1657,1
3395.0,1656,1072,1
3396.0,1657,1072,1
3397.0,1658,1659,1
3398.0,1658,1660,1
3399.0,1658,1661,1
3400.0,1659,1660,1
3401.0,1659,1661,1
3402.0,1660,1661,1
3403.0,1662,1663,1
3404.0,1664,1665,1
3405.0,1664,1666,1
3406.0,1664,1667,1
3407.0,1664,1668,1
3408.0,1665,1666,1
3409.0,1665,1667,1
3410.0,1665,1668,1
3411.0,1666,1667,1
3412.0,1666,1668,1
3413.0,1667,1668,1
3414.0,1669,1670,1
3415.0,1669,1671,1
3416.0,1669,1672,1
3417.0,1669,1673,1
3418.0,1669,1674,1
3419.0,1670,1671,1
3420.0,1670,1672,1
3421.0,1670,1673,1
3422.0,1670,1674,1
3423.0,1671,1672,1
3424.0,1671,1673,1
3425.0,1671,1674,1
3426.0,1672,1673,1
3427.0,1672,1674,1
3428.0,1673,1674,1
3429.0,1675,1547,1
3430.0,1676,1677,1
3431.0,1676,1678,1
3432.0,1676,1679,1
3433.0,1676,1680,1
3434.0,1676,1681,1
3435.0,1677,1678,1
3436.0,1677,1679,1
3437.0,1677,1680,1
3438.0,1677,1681,1
3439.0,1678,1679,1
3440.0,1678,1680,1
3441.0,1678,1681,1
3442.0,1679,1680,1
3443.0,1679,1681,1
3444.0,1680,1681,1
3445.0,1682,1683,1
3446.0,1682,1684,1
3447.0,1682,1685,1
3448.0,1682,1686,1
3449.0,1683,1684,1
3450.0,1683,1685,1
3451.0,1683,1686,1
3452.0,1684,1685,1
3453.0,1684,1686,1
3454.0,1685,1686,1
3455.0,1687,1688,1
3456.0,1687,1689,1
3457.0,1687,54,1
3458.0,1687,1690,1
3459.0,1688,1689,1
3460.0,1688,54,1
3461.0,1688,1690,1
3462.0,1689,54,1
3463.0,1689,1690,1
3464.0,54,1690,1
3465.0,1691,9,1
3466.0,1692,1693,1
3467.0,1692,1694,1
3468.0,1692,1695,1
3469.0,1693,1694,1
3470.0,1693,1695,1
3471.0,1694,1695,1
3472.0,1696,1697,1
3473.0,1696,1698,1
3474.0,1696,1699,1
3475.0,1696,1700,1
3476.0,1696,1701,1
3477.0,1696,1702,1
3478.0,1697,1698,2
3479.0,1697,1699,2
3480.0,1697,1700,2
3481.0,1697,1701,2
3482.0,1697,1702,2
3483.0,1698,1699,2
3484.0,1698,1700,2
3485.0,1698,1701,2
3486.0,1698,1702,2
3487.0,1699,1700,2
3488.0,1699,1701,2
3489.0,1699,1702,2
3490.0,1700,1701,2
3491.0,1700,1702,2
3492.0,1701,1702,2
3493.0,1703,1704,1
3494.0,1705,1706,1
3495.0,1705,1707,1
3496.0,1705,1708,1
3497.0,1705,1709,1
3498.0,1706,1707,1
3499.0,1706,1708,1
3500.0,1706,1709,1
3501.0,1707,1708,1
3502.0,1707,1709,1
3503.0,1708,1709,1
3504.0,1710,1711,1
3505.0,1710,1712,1
3506.0,1710,1713,1
3507.0,1711,1712,1
3508.0,1711,1713,1
3509.0,1712,1713,1
3510.0,1714,1715,1
3511.0,1714,1716,1
3512.0,1714,1717,1
3513.0,1714,1718,1
3514.0,1714,1719,1
3515.0,1714,1720,1
3516.0,1715,1716,1
3517.0,1715,1717,1
3518.0,1715,1718,1
3519.0,1715,1719,1
3520.0,1715,1720,1
3521.0,1716,1717,1
3522.0,1716,1718,1
3523.0,1716,1719,1
3524.0,1716,1720,1
3525.0,1717,1718,1
3526.0,1717,1719,1
3527.0,1717,1720,1
3528.0,1718,1719,1
3529.0,1718,1720,1
3530.0,1719,1720,1
3531.0,1721,1722,1
3532.0,1723,1724,1
3533.0,1723,1725,1
3534.0,1723,1726,1
3535.0,1723,1727,1
3536.0,1723,1728,1
3537.0,1724,1725,2
3538.0,1724,1726,2
3539.0,1724,1727,2
3540.0,1724,1728,2
3541.0,1725,1726,2
3542.0,1725,1727,2
3543.0,1725,1728,2
3544.0,1726,1727,2
3545.0,1726,1728,2
3546.0,1727,1728,2
3547.0,1724,1729,1
3548.0,1725,1729,1
3549.0,1726,1729,1
3550.0,1727,1729,1
3551.0,1728,1729,1
3552.0,1729,1387,1
3553.0,1729,1730,1
3554.0,1729,1731,1
3555.0,1729,1732,1
3556.0,1387,1730,1
3557.0,1387,1731,1
3558.0,1387,1732,1
3559.0,1730,1731,1
3560.0,1730,1732,1
3561.0,1731,1732,1
3562.0,1733,1734,1
3563.0,1733,1735,1
3564.0,1733,1736,1
3565.0,1733,1448,1
3566.0,1734,1735,1
3567.0,1734,1736,1
3568.0,1734,1448,1
3569.0,1735,1736,1
3570.0,1735,1448,1
3571.0,1736,1448,1
3572.0,1737,1738,1
3573.0,1739,1740,1
3574.0,1739,971,1
3575.0,1739,972,1
3576.0,1740,971,1
3577.0,1740,972,1
3578.0,1697,1703,1
3579.0,1698,1703,1
3580.0,1699,1703,1
3581.0,1700,1703,1
3582.0,1701,1703,1
3583.0,1702,1703,1
3584.0,1741,1742,1
3585.0,1743,1744,1
3586.0,1743,1745,1
3587.0,1743,1746,1
3588.0,1743,1747,1
3589.0,1744,1745,1
3590.0,1744,1746,1
3591.0,1744,1747,1
3592.0,1745,1746,1
3593.0,1745,1747,1
3594.0,1746,1747,1
3595.0,1748,1749,1
3596.0,1748,1750,1
3597.0,1748,1751,1
3598.0,1748,1752,1
3599.0,1749,1750,1
3600.0,1749,1751,1
3601.0,1749,1752,1
3602.0,1750,1751,1
3603.0,1750,1752,1
3604.0,1751,1752,1
3605.0,1753,1754,1
3606.0,1753,1755,1
3607.0,1753,1756,1
3608.0,1753,1757,1
3609.0,1753,1758,1
3610.0,1754,1755,1
3611.0,1754,1756,1
3612.0,1754,1757,1
3613.0,1754,1758,1
3614.0,1755,1756,1
3615.0,1755,1757,1
3616.0,1755,1758,1
3617.0,1756,1757,1
3618.0,1756,1758,1
3619.0,1757,1758,1
,1,3,4
,2,3,4
,1761,1762,1
,1761,3,1
,1761,1763,1
,1762,3,3
,1762,1763,3
,3,1763,1
,1764,1765,1
,1764,1766,1
,1764,3,1
,1765,1766,3
,1765,3,3
,1766,3,3
,1767,1763,1
,1767,3,3
,1763,3,5
,1762,1764,2
,1763,1764,2
,3,1764,2
,1765,1767,2
,1766,1767,2
,1768,1763,2
,1768,3,2
,1306,1307,3
,1307,5,3
,131,5,9
,131,6,9
,131,132,9
,6,132,9
,1769,5,1
,1769,1770,1
,1769,1771,1
,5,1770,1
,5,1771,3
,1770,1771,3
,198,5,6
,198,132,6
,115,5,6
,115,116,6
,5,116,6
,788,5,3
,788,789,3
,5,789,3
,4,7,4
,5,7,4
,6,7,4
,1772,5,1
,1773,5,3
,1773,1774,1
,1773,6,1
,5,1774,1
,1774,6,3
,1775,5,1
,1775,6,3
,1775,1776,1
,5,1776,1
,6,1776,1
,1770,5,2
,1770,1772,2
,5,1772,2
,1771,1772,2
,1774,5,2
,1774,1775,2
,5,1775,2
,1776,5,2
,1776,6,2
,1776,1777,2
,5,1777,2
,6,1777,2
,1777,6,1
,1777,116,1
,6,116,6
,1778,6,5
,1778,116,5
,1783,9,1
,1783,1784,1
,1783,10,1
,9,1784,1
,1784,10,3
,1784,9,2
,1784,1785,2
,9,1785,2
,1785,10,2
,1789,1790,1
,1789,11,1
,1790,11,3
,1790,1791,2
,1791,11,2
,1794,14,1
,1795,14,3
,1795,1796,1
,14,1796,1
,1797,14,1
,1797,1798,1
,14,1798,1
,1799,1800,1
,1799,14,1
,1799,1801,1
,1800,14,3
,1800,1801,3
,14,1801,1
,1802,14,1
,1796,14,2
,1796,1797,2
,14,1797,2
,1798,14,2
,1798,1799,2
,14,1799,2
,1800,1802,2
,1801,14,2
,1801,1802,2
,14,1802,2
,1803,14,2
,17,18,3
,1804,18,1
,1805,18,2
,1807,1808,1
,1807,1809,1
,1807,20,1
,1808,1809,3
,1808,20,3
,1809,20,3
,1810,1810,1
,1810,20,6
,1810,1809,4
,20,1809,3
,1811,1812,1
,1811,1813,1
,1811,20,3
,1812,1813,3
,1812,20,3
,1813,20,3
,1814,1815,1
,1814,20,3
,1815,20,3
,1808,1810,2
,1809,1810,2
,1811,1810,2
,1811,1809,2
,1812,1814,2
,1813,1814,2
,1815,1816,2
,1816,20,2
,21,22,1
,23,26,2
,24,26,2
,25,26,2
,1819,28,1
,27,28,1
,34,36,1
,35,36,1
,37,41,4
,38,41,4
,39,41,4
,40,41,4
,1824,1825,1
,1824,1826,1
,1824,40,1
,1825,1826,1
,1825,40,1
,1826,40,1
,58,60,4
,59,60,4
,1844,59,1
,1844,1845,1
,1844,1846,1
,59,1845,1
,59,1846,1
,1845,1846,1
,1847,62,1
,1848,62,1
,61,62,1
,1855,67,1
,1855,68,1
,1856,67,2
,1856,68,2
,1867,73,1
,1867,74,1
,1867,1810,1
,73,1810,3
,74,1810,3
,1868,73,2
,1868,74,2
,1868,1810,2
,76,79,1
,77,79,1
,78,79,1
,1873,1874,1
,1873,1875,1
,1873,81,1
,1874,1875,3
,1874,81,3
,1875,81,3
,1874,1876,2
,1875,1876,2
,1876,81,2
,1896,85,1
,1896,1897,1
,85,1897,1
,1897,85,2
,1897,1898,2
,85,1898,2
,88,91,9
,89,91,9
,90,91,9
,1903,90,1
,1903,1904,1
,90,1904,1
,1905,90,1
,1905,1905,1
,90,1905,5
,1904,90,2
,1904,1905,2
,1906,90,2
,1906,1905,2
,92,82,4
,92,94,4
,82,94,4
,93,94,4
,311,94,3
,95,98,6
,96,98,6
,97,98,6
,1915,1916,1
,1915,97,1
,1915,1917,1
,1916,97,3
,1916,1917,3
,97,1917,1
,1916,1918,2
,1917,97,2
,1917,1918,2
,97,1918,2
,1920,1921,1
,1920,98,1
,1921,98,3
,1922,98,3
,1922,1923,1
,98,1923,1
,1921,1922,2
,1923,98,2
,1923,1924,2
,98,1924,2
,99,101,6
,100,101,6
,1924,100,1
,1924,1925,1
,1924,1926,1
,100,1925,1
,100,1926,3
,1925,1926,3
,1925,100,2
,1925,1927,2
,100,1927,2
,1926,1927,2
,108,110,1
,109,110,1
,1941,116,1
,1941,6,1
,116,6,6
,1942,116,3
,1942,6,3
,1943,116,2
,1943,6,2
,1946,105,1
,1946,123,1
,1946,122,1
,105,123,2
,123,122,1
,121,105,1
,121,123,1
,122,123,1
,127,130,4
,128,130,4
,129,130,4
,1951,128,1
,1951,129,1
,1952,129,4
,1952,128,4
,129,128,4
,1953,1954,1
,1953,129,4
,1954,129,3
,1953,128,3
,1954,1955,2
,1955,129,2
,1961,1962,1
,1961,1963,1
,1961,1964,1
,1961,132,1
,1962,1963,3
,1962,1964,3
,1962,132,3
,1963,1964,3
,1963,132,6
,1964,132,3
,1965,1965,1
,1965,1966,2
,1965,132,6
,1965,1967,4
,1966,132,3
,1966,1967,3
,132,1967,1
,1968,1963,1
,1968,132,1
,1968,1965,1
,1963,1965,5
,132,1965,3
,1962,1965,2
,1964,1965,2
,1966,1965,2
,1966,1968,2
,1965,1968,2
,1967,132,2
,1967,1968,2
,132,1968,2
,1969,1963,2
,1969,132,2
,1969,1965,2
,1978,141,1
,1979,141,1
,140,141,1
,1980,141,1
,1981,1982,1
,1981,1983,1
,1981,143,1
,1981,1984,1
,1982,1983,3
,1982,143,3
,1982,1984,3
,1983,143,3
,1983,1984,3
,143,1984,1
,1982,1985,2
,1983,1985,2
,1984,143,2
,1984,1985,2
,143,1985,2
,142,144,1
,143,144,1
,1990,147,1
,1990,1991,1
,147,1991,1
,1992,1993,1
,1992,147,1
,1993,147,3
,1991,147,2
,1991,1992,2
,147,1992,2
,1993,1994,2
,1994,147,2
,148,149,3
,150,152,2
,151,152,2
,158,159,1
,166,168,1
,167,168,1
,2021,172,1
,2021,170,1
,172,170,6
,2022,172,5
,2022,170,5
,174,176,4
,175,176,4
,2022,2023,1
,2022,176,1
,2023,176,3
,2024,2025,1
,2024,176,3
,2025,176,3
,2026,2027,1
,2026,176,3
,2027,176,3
,2028,2029,1
,2028,176,3
,2029,176,3
,2030,2031,1
,2030,176,3
,2031,176,3
,2032,2033,1
,2032,176,3
,2033,176,3
,2034,2035,1
,2034,176,3
,2035,176,3
,2036,2037,1
,2036,176,3
,2037,176,3
,2038,2039,1
,2038,176,3
,2039,176,3
,2040,176,3
,2040,2041,1
,176,2041,1
,2042,176,1
,2043,2044,1
,2043,176,3
,2044,176,3
,2023,2024,2
,2025,2026,2
,2027,2028,2
,2029,2030,2
,2031,2032,2
,2033,2034,2
,2035,2036,2
,2037,2038,2
,2039,2040,2
,2041,176,2
,2041,2042,2
,176,2042,2
,2044,2045,2
,2045,176,2
,177,179,2
,178,179,2
,2060,187,1
,2060,188,1
,187,188,12
,2061,2062,1
,2061,187,4
,2061,188,4
,2062,187,4
,2062,188,4
,186,188,4
,2063,188,4
,2063,187,4
,2063,2064,1
,188,187,4
,188,2064,1
,187,2064,1
,2062,2063,3
,2064,188,3
,2064,187,3
,2064,2065,3
,188,2065,3
,187,2065,3
,2065,2065,1
,2065,188,4
,2065,2066,2
,188,2066,1
,2066,2065,2
,2066,188,2
,2066,2067,2
,2065,2067,2
,188,2067,2
,189,192,3
,190,192,3
,191,192,3
,2069,2070,1
,2069,195,1
,2070,195,3
,2070,2071,2
,2071,195,2
