Unnamed: 0,id,type,link
0.0,1,1,/doi/10.1145/3010089.3010090
1.0,2,2,/profile/99659131541
2.0,3,2,/profile/99659058127
3.0,4,1,/doi/10.1145/3291801.3291822
4.0,5,2,/profile/99659060865
5.0,6,2,/profile/81500642456
6.0,7,2,/profile/99659342747
7.0,8,1,/doi/10.1145/2513591.2527071
8.0,9,2,/profile/81100432224
9.0,10,2,/profile/81100111213
10.0,11,2,/profile/81100314798
11.0,12,1,/doi/10.1145/3158352
12.0,13,2,/profile/81100452038
13.0,14,2,/profile/81100412818
14.0,15,2,/profile/81100607924
15.0,16,2,/profile/99659039589
16.0,17,1,/doi/10.1145/2611040.2611042
17.0,18,2,/profile/81100458283
18.0,19,1,/doi/10.1145/3010089.3010143
19.0,20,2,/profile/81458645145
20.0,21,1,/doi/10.1145/2640087.2644175
21.0,22,2,/profile/99659838442
22.0,23,1,/doi/10.1145/3090354.3090401
23.0,24,2,/profile/99659192088
24.0,25,2,/profile/99659190930
25.0,26,2,/profile/99659190672
26.0,27,1,/doi/10.1145/3647722.3647725
27.0,28,2,/profile/99661194829
28.0,29,1,/doi/10.1145/2351316.2351318
29.0,30,2,/profile/81319492485
30.0,31,2,/profile/81508702912
31.0,32,2,/profile/81508693709
32.0,33,2,/profile/81508705533
33.0,34,1,/doi/10.1145/3361758.3361768
34.0,35,2,/profile/99659483587
35.0,36,2,/profile/81351605289
36.0,37,1,/doi/10.1145/2837060.2837068
37.0,38,2,/profile/99659083765
38.0,39,2,/profile/99659084832
39.0,40,2,/profile/81477643309
40.0,41,2,/profile/99659084050
41.0,42,1,/doi/10.1145/2658840.2658845
42.0,43,2,/profile/99658632000
43.0,44,2,/profile/99658631194
44.0,45,2,/profile/99658632825
45.0,46,2,/profile/99658634063
46.0,47,2,/profile/99658632465
47.0,48,2,/profile/99658633056
48.0,49,2,/profile/99658631027
49.0,50,2,/profile/99658632574
50.0,51,2,/profile/81467663961
51.0,52,2,/profile/99658632107
52.0,53,2,/profile/99658632139
53.0,54,2,/profile/81408601880
54.0,55,1,/doi/10.1145/3195528.3195533
55.0,56,2,/profile/81392618108
56.0,57,2,/profile/99659286657
57.0,58,1,/doi/10.1145/3141128.3141139
58.0,59,2,/profile/99659119945
59.0,60,2,/profile/81100612679
60.0,61,1,/doi/10.1145/2524248.2524253
61.0,62,2,/profile/83458821657
62.0,63,1,/doi/10.1145/3010089.3017606
63.0,64,2,/profile/99658754451
64.0,65,2,/profile/81486654522
65.0,66,1,/doi/10.1145/3216122.3216154
66.0,67,2,/profile/99658739863
67.0,68,2,/profile/81100152856
68.0,69,2,/profile/81100081423
69.0,70,1,/doi/10.1145/3210284.3214344
70.0,71,2,/profile/99659490377
71.0,72,1,/doi/10.1145/3090354.3090376
72.0,73,2,/profile/99659192204
73.0,74,2,/profile/99659190438
74.0,75,2,/profile/99659190485
75.0,76,1,/doi/10.1145/3010089.3010127
76.0,77,2,/profile/99659130440
77.0,78,2,/profile/81496688334
78.0,79,2,/profile/81464650364
79.0,80,1,/doi/10.1145/2609876.2609890
80.0,81,2,/profile/81460654929
81.0,82,2,/profile/99658632246
82.0,83,2,/profile/99658630542
83.0,84,1,/doi/10.1145/2609876.2609889
84.0,85,2,/profile/99658633834
85.0,86,2,/profile/99658631847
86.0,87,2,/profile/81100632322
87.0,88,1,/doi/10.1145/3011286.3011307
88.0,89,2,/profile/81312483649
89.0,90,2,/profile/99658713414
90.0,91,2,/profile/81100223013
91.0,92,1,/doi/10.1145/2609876.2609887
92.0,93,2,/profile/99658631746
93.0,94,2,/profile/81100016251
94.0,95,1,/doi/10.1145/2656346.2656358
95.0,96,2,/profile/81440610963
96.0,97,2,/profile/81100327758
97.0,98,2,/profile/81339502165
98.0,99,1,/doi/10.1145/3172871.3172886
99.0,100,2,/profile/81508686293
100.0,101,2,/profile/81508685031
101.0,102,1,/doi/10.1109/CCGRID.2018.00100
102.0,103,2,/profile/81100103470
103.0,104,1,/doi/10.1145/2837060.2837076
104.0,105,2,/profile/81339512271
105.0,106,1,/doi/10.1145/3378904.3378907
106.0,107,2,/profile/99659515495
107.0,108,1,/doi/10.1145/3018896.3025151
108.0,109,2,/profile/99659245698
109.0,110,2,/profile/99659245939
110.0,111,1,/doi/10.1145/3289100.3289108
111.0,112,2,/profile/99659322306
112.0,113,2,/profile/81392617735
113.0,114,2,/profile/81100420622
114.0,115,1,/doi/10.1145/3505745.3505750
115.0,116,2,/profile/81461657509
116.0,117,1,/doi/10.1145/3603706
117.0,118,2,/profile/99660981542
118.0,119,2,/profile/99660977441
119.0,120,2,/profile/99660983316
120.0,121,1,/doi/10.1145/3341161.3343512
121.0,122,2,/profile/81485649610
122.0,123,2,/profile/99659497194
123.0,124,1,/doi/10.1145/3331651.3331659
124.0,125,2,/profile/81100595264
125.0,126,2,/profile/99659370837
126.0,127,1,/doi/10.1145/3341620.3341629
127.0,128,2,/profile/99659458372
128.0,129,2,/profile/99658671183
129.0,130,2,/profile/99659202520
130.0,131,1,/doi/10.1145/3564665.3564673
131.0,132,2,/profile/81314492879
132.0,133,1,/doi/10.1145/3158339
133.0,134,2,/profile/81444605683
134.0,135,1,/doi/10.1145/3158335
135.0,136,2,/profile/99659303788
136.0,137,1,/doi/10.1145/2659651.2659655
137.0,138,2,/profile/81443596573
138.0,139,2,/profile/99658660020
139.0,140,1,/doi/10.1145/2614512.2629588
140.0,141,2,/profile/60000000331
141.0,142,1,/doi/10.1145/3447879.3447883
142.0,143,2,/profile/81430639096
143.0,144,2,/profile/99660832137
144.0,145,1,/doi/10.1145/3366650.3366667
145.0,146,2,/profile/99659489435
146.0,147,2,/profile/99659274539
147.0,148,1,/doi/10.1145/3158337
148.0,149,2,/profile/81100561780
149.0,150,1,/doi/10.1145/3502300.3502312
150.0,151,2,/profile/99659998823
151.0,152,2,/profile/99659993867
152.0,153,1,/doi/10.1145/2928294.2928297
153.0,154,2,/profile/81487654270
154.0,155,2,/profile/81100485733
155.0,156,2,/profile/99659033346
156.0,157,2,/profile/81100628594
157.0,158,1,/doi/10.1145/3436286.3436291
158.0,159,2,/profile/99659669470
159.0,160,1,/doi/10.1145/2837060.2837116
160.0,161,2,/profile/81452614666
161.0,162,1,/doi/10.1145/2837060.2837067
162.0,163,2,/profile/99658756514
163.0,164,2,/profile/84459472557
164.0,165,2,/profile/81548005561
165.0,166,1,/doi/10.1145/2905055.2905215
166.0,167,2,/profile/99659067718
167.0,168,2,/profile/99659068185
168.0,169,1,/doi/10.1145/3368691.3368741
169.0,170,2,/profile/81438598185
170.0,171,2,/profile/81452617186
171.0,172,2,/profile/81486656468
172.0,173,2,/profile/99659485559
173.0,174,1,/doi/10.1145/3372938.3372939
174.0,175,2,/profile/99659490212
175.0,176,2,/profile/81100619933
176.0,177,1,/doi/10.1145/3404687.3404694
177.0,178,2,/profile/99659564375
178.0,179,2,/profile/99659564705
179.0,180,1,/doi/10.1145/3335484.3335534
180.0,181,2,/profile/99658626500
181.0,182,1,/doi/10.1145/2905055.2905099
182.0,183,2,/profile/99659068765
183.0,184,2,/profile/99659067845
184.0,185,2,/profile/99658996347
185.0,186,1,/doi/10.1145/3373419.3373425
186.0,187,2,/profile/81100427129
187.0,188,2,/profile/81314489922
188.0,189,1,/doi/10.1145/3524383.3533249
189.0,190,2,/profile/99660533115
190.0,191,2,/profile/99660532615
191.0,192,2,/profile/99660533597
192.0,193,1,/doi/10.1145/2896825.2896837
193.0,194,2,/profile/81407593816
194.0,195,2,/profile/81100391310
195.0,196,2,/profile/81100570389
196.0,197,2,/profile/82258618957
197.0,198,1,/doi/10.1145/3505745.3505751
198.0,199,1,/doi/10.1145/3102254.3102271
199.0,200,2,/profile/81100415437
200.0,201,2,/profile/99659162314
201.0,202,1,/doi/10.1145/3158348
202.0,203,2,/profile/99659287087
203.0,204,1,/doi/10.1145/2905055.2905194
204.0,205,2,/profile/81456635859
205.0,206,1,/doi/10.1145/3474944.3474950
206.0,207,2,/profile/99659311881
207.0,208,2,/profile/99659310215
208.0,209,2,/profile/99659311009
209.0,210,2,/profile/99659899488
210.0,211,2,/profile/81442613728
211.0,212,1,/doi/10.1145/3363459.3363533
212.0,213,2,/profile/99659484111
213.0,214,2,/profile/81100125296
214.0,215,1,/doi/10.1145/3627915.3629592
215.0,216,2,/profile/99661080237
216.0,217,2,/profile/99661080703
217.0,218,2,/profile/99661076947
218.0,219,2,/profile/99661081639
219.0,220,1,/doi/10.1145/3158350
220.0,221,2,/profile/81100548962
221.0,222,2,/profile/99659038002
222.0,223,2,/profile/81100129938
223.0,224,2,/profile/99659290940
224.0,225,2,/profile/81339530715
225.0,226,2,/profile/81100451710
226.0,227,2,/profile/81314480801
227.0,228,2,/profile/99659290532
228.0,229,1,/doi/10.1145/2534921.2534924
229.0,230,2,/profile/99659370348
230.0,231,2,/profile/81350589214
231.0,232,2,/profile/81100485218
232.0,233,2,/profile/87258811457
233.0,234,2,/profile/87259093757
234.0,235,2,/profile/81339541064
235.0,236,1,/doi/10.1145/2874239.2874256
236.0,237,2,/profile/81319492977
237.0,238,2,/profile/81100644887
238.0,239,1,/doi/10.1145/3409801
239.0,240,2,/profile/99658732459
240.0,241,2,/profile/99659888923
241.0,242,2,/profile/99658657186
242.0,243,1,/doi/10.1145/3328833.3328841
243.0,244,2,/profile/99659435329
244.0,245,2,/profile/99659435128
245.0,246,2,/profile/99659435050
246.0,247,2,/profile/99659435162
247.0,248,2,/profile/99659434988
248.0,249,1,/doi/10.1145/3626252.3630888
249.0,250,2,/profile/99658746327
250.0,251,1,/doi/10.1145/2640087.2644153
251.0,252,2,/profile/81451596653
252.0,253,1,/doi/10.1145/3150919.3150923
253.0,254,2,/profile/99659235943
254.0,255,2,/profile/99659235467
255.0,256,2,/profile/99659235959
256.0,257,2,/profile/99659235785
257.0,258,2,/profile/99659235933
258.0,259,2,/profile/99659235853
259.0,260,1,/doi/10.1145/2948992.2949024
260.0,261,2,/profile/81388597384
261.0,262,2,/profile/99659055124
262.0,263,1,/doi/10.1145/2781562.2781574
263.0,264,2,/profile/81481640588
264.0,265,1,/doi/10.1145/3410352.3410785
265.0,266,2,/profile/99659574354
266.0,267,2,/profile/99659574898
267.0,268,2,/profile/99659845171
268.0,269,1,/doi/10.1145/3386723.3387841
269.0,270,2,/profile/99659333168
270.0,271,2,/profile/81375603757
271.0,272,2,/profile/81100351082
272.0,273,1,/doi/10.1145/2723372.2742794
273.0,274,2,/profile/99658720032
274.0,275,2,/profile/99658720670
275.0,276,2,/profile/81100116352
276.0,277,2,/profile/99658717541
277.0,278,2,/profile/81548016057
278.0,279,2,/profile/99658680485
279.0,280,2,/profile/81333488189
280.0,281,2,/profile/81372591186
281.0,282,2,/profile/81558247556
282.0,283,1,/doi/10.1145/3010089.3010113
283.0,284,2,/profile/99658639623
284.0,285,1,/doi/10.1145/2808580.2808667
285.0,286,2,/profile/99658767408
286.0,287,2,/profile/81100208504
287.0,288,2,/profile/81340488592
288.0,289,2,/profile/99658767583
289.0,290,1,/doi/10.1145/3209281.3209372
290.0,291,2,/profile/81321490062
291.0,292,2,/profile/81100612830
292.0,293,2,/profile/81496645426
293.0,294,2,/profile/81100630587
294.0,295,1,/doi/10.1145/3132498.3132510
295.0,296,2,/profile/99659200250
296.0,297,2,/profile/99658711216
297.0,298,2,/profile/81350601948
298.0,299,1,/doi/10.1145/3264560.3264571
299.0,300,2,/profile/99659064849
300.0,301,2,/profile/81472642665
301.0,302,1,/doi/10.1145/2663715.2669614
302.0,303,1,/doi/10.1145/3383972.3384075
303.0,304,2,/profile/99659534209
304.0,305,2,/profile/99659537058
305.0,306,2,/profile/99659534179
306.0,307,1,/doi/10.1145/3312714.3312728
307.0,308,2,/profile/82658992257
308.0,309,2,/profile/99659367670
309.0,310,2,/profile/99659367516
310.0,311,1,/doi/10.1145/2609876.2609891
311.0,312,1,/doi/10.1145/3193077.3193079
312.0,313,2,/profile/99659273504
313.0,314,2,/profile/99659273939
314.0,315,1,/doi/10.1145/2479724.2479730
315.0,316,2,/profile/81100267691
316.0,317,2,/profile/81758632057
317.0,318,1,/doi/10.1145/3501409.3501703
318.0,319,2,/profile/99659940163
319.0,320,2,/profile/99659932983
320.0,321,2,/profile/99659925949
321.0,322,2,/profile/99659931403
322.0,323,2,/profile/99659936941
323.0,324,2,/profile/99659924666
324.0,325,2,/profile/99659952978
325.0,326,1,/doi/10.1145/2658840.2658842
326.0,327,2,/profile/81100571727
327.0,328,2,/profile/81759010757
328.0,329,2,/profile/81100239503
329.0,330,2,/profile/81350567643
330.0,331,1,/doi/10.1145/2640087.2644168
331.0,332,2,/profile/99658691085
332.0,333,2,/profile/81498647590
333.0,334,2,/profile/99658692172
334.0,335,2,/profile/99658690479
335.0,336,2,/profile/99658691353
336.0,337,2,/profile/81100479406
337.0,338,1,/doi/10.1145/3206157.3206166
338.0,339,2,/profile/81550025156
339.0,340,2,/profile/99659273786
340.0,341,2,/profile/99660288427
341.0,342,2,/profile/99659274029
342.0,343,2,/profile/99659273402
343.0,344,2,/profile/99659218486
344.0,345,1,/doi/10.1145/2745754.2745771
345.0,346,2,/profile/81452596317
346.0,347,2,/profile/81100234746
347.0,348,2,/profile/81758918657
348.0,349,2,/profile/81440612396
349.0,350,2,/profile/99658720564
350.0,351,1,/doi/10.1145/3297730.3297744
351.0,352,2,/profile/99659346311
352.0,353,2,/profile/99659346623
353.0,354,1,/doi/10.1145/2481244.2481246
354.0,355,2,/profile/81367591181
355.0,356,2,/profile/81367594869
356.0,357,1,/doi/10.1145/2896387.2900335
357.0,358,1,/doi/10.1145/2939672.2939736
358.0,359,2,/profile/99658706549
359.0,360,2,/profile/81100448343
360.0,361,2,/profile/99659061329
361.0,362,2,/profile/82858874857
362.0,363,1,/doi/10.1145/2640087.2644173
363.0,364,2,/profile/81435596449
364.0,365,2,/profile/99658689164
365.0,366,2,/profile/99658688734
366.0,367,2,/profile/99658692272
367.0,368,1,/doi/10.1145/3416921.3416943
368.0,369,1,/doi/10.1145/3510003.3510619
369.0,370,2,/profile/99659441629
370.0,371,2,/profile/83058835857
371.0,372,2,/profile/81100265774
372.0,373,2,/profile/81474644365
373.0,374,1,/doi/10.1145/3538950.3538951
374.0,375,2,/profile/99660526290
375.0,376,2,/profile/99659248150
376.0,377,2,/profile/99660518706
377.0,378,2,/profile/99660525982
378.0,379,2,/profile/99660529420
379.0,380,1,/doi/10.1145/3424978.3425010
380.0,381,2,/profile/99659587819
381.0,382,2,/profile/99659317558
382.0,383,2,/profile/99659588493
383.0,384,1,/doi/10.1145/3345252.3345282
384.0,385,2,/profile/81482651376
385.0,386,2,/profile/81350605702
386.0,387,2,/profile/81100286365
387.0,388,2,/profile/81316489671
388.0,389,1,/doi/10.1145/3291801.3291813
389.0,390,2,/profile/99659342807
390.0,391,2,/profile/81452603156
391.0,392,1,/doi/10.1145/2812428.2812441
392.0,393,2,/profile/99658764827
393.0,394,2,/profile/81548022798
394.0,395,1,/doi/10.1145/2447481.2447491
395.0,396,2,/profile/81555306456
396.0,397,2,/profile/81555371856
397.0,398,2,/profile/81554802756
398.0,399,2,/profile/81555129156
399.0,400,2,/profile/81554642056
400.0,401,1,/doi/10.1145/3175684.3175687
401.0,402,2,/profile/99659257387
402.0,403,2,/profile/99659256323
403.0,404,2,/profile/81435611476
404.0,405,2,/profile/81321492852
405.0,406,1,/doi/10.1145/3579654.3579686
406.0,407,2,/profile/81490663400
407.0,408,2,/profile/99659928737
408.0,409,2,/profile/99660749220
409.0,410,2,/profile/99660750082
410.0,411,1,/doi/10.1145/3183713.3183757
411.0,412,2,/profile/83458754857
412.0,413,2,/profile/81300212901
413.0,414,2,/profile/81100449884
414.0,415,2,/profile/81100556821
415.0,416,2,/profile/81100062835
416.0,417,1,/doi/10.1145/3340017.3340032
417.0,418,2,/profile/99658686952
418.0,419,2,/profile/99658678919
419.0,420,1,/doi/10.1145/2612733.2612762
420.0,421,2,/profile/81548022587
421.0,422,2,/profile/99658616673
422.0,423,1,/doi/10.1145/2609876.2609884
423.0,424,2,/profile/99658632076
424.0,425,1,/doi/10.1145/2377978.2377984
425.0,426,2,/profile/81549490156
426.0,427,2,/profile/99659669135
427.0,428,2,/profile/81549242456
428.0,429,2,/profile/81549147256
429.0,430,2,/profile/99659956186
430.0,431,1,/doi/10.1145/2609876.2609877
431.0,432,2,/profile/99658630689
432.0,433,1,/doi/10.1145/2487575.2487588
433.0,434,2,/profile/81100001473
434.0,435,2,/profile/81549159756
435.0,436,2,/profile/81452607023
436.0,437,2,/profile/81100184551
437.0,438,1,/doi/10.1145/2896825.2896828
438.0,439,2,/profile/99658672396
439.0,440,2,/profile/81456637025
440.0,441,2,/profile/81474658498
441.0,442,2,/profile/81409596199
442.0,443,2,/profile/99659025306
443.0,444,1,/doi/10.1145/3368691.3368717
444.0,445,2,/profile/99659319886
445.0,446,2,/profile/99659485408
446.0,447,2,/profile/99659485747
447.0,448,2,/profile/81456637051
448.0,449,1,/doi/10.1145/3148055.3148057
449.0,450,2,/profile/99659230725
450.0,451,2,/profile/99659229396
451.0,452,2,/profile/99659231879
452.0,453,2,/profile/81508707971
453.0,454,1,/doi/10.1145/2345316.2345347
454.0,455,2,/profile/81100126513
455.0,456,2,/profile/99660242450
456.0,457,1,/doi/10.1145/3090354.3090370
457.0,458,2,/profile/99659190556
458.0,459,2,/profile/81100021893
459.0,460,2,/profile/99659190166
460.0,461,2,/profile/99659191835
461.0,462,1,/doi/10.1145/3379247.3379294
462.0,463,2,/profile/99659509058
463.0,464,2,/profile/99659509381
464.0,465,2,/profile/99659508983
465.0,466,2,/profile/99659509154
466.0,467,2,/profile/99659508884
467.0,468,2,/profile/99659509063
468.0,469,2,/profile/99659509025
469.0,470,1,/doi/10.1145/3141128.3141149
470.0,471,1,/doi/10.1145/3627377.3627394
471.0,472,2,/profile/99661073593
472.0,473,2,/profile/99661073090
473.0,474,1,/doi/10.1145/3085228.3085319
474.0,475,2,/profile/99659174422
475.0,476,2,/profile/99659173623
476.0,477,2,/profile/99659174145
477.0,478,1,/doi/10.1145/3404687.3404707
478.0,479,2,/profile/99659315986
479.0,480,2,/profile/99659564828
480.0,481,2,/profile/99659565626
481.0,482,1,/doi/10.1145/3579371.3589082
482.0,483,2,/profile/99659635905
483.0,484,2,/profile/99660944313
484.0,485,2,/profile/99661191362
485.0,486,2,/profile/99661197616
486.0,487,2,/profile/99659471386
487.0,488,2,/profile/81556181756
488.0,489,2,/profile/81384612420
489.0,490,2,/profile/81100473103
490.0,491,2,/profile/81100282144
491.0,492,1,/doi/10.1145/3503928.3503929
492.0,493,2,/profile/99660020972
493.0,494,2,/profile/99660021410
494.0,495,2,/profile/99660020897
495.0,496,1,/doi/10.1145/2890602.2890619
496.0,497,2,/profile/81331499616
497.0,498,2,/profile/81375607482
498.0,499,2,/profile/99659034524
499.0,500,1,/doi/10.1145/2331042.2331058
500.0,501,2,/profile/81100465553
501.0,502,2,/profile/81350584614
502.0,503,1,/doi/10.1145/3019612.3019700
503.0,504,2,/profile/81313484459
504.0,505,2,/profile/81100022721
505.0,506,2,/profile/81322495948
506.0,507,1,/doi/10.1145/3474944.3474951
507.0,508,2,/profile/99659897281
508.0,509,2,/profile/99659895721
509.0,510,2,/profile/99659896818
510.0,511,2,/profile/99659898432
511.0,512,2,/profile/81442613884
512.0,513,2,/profile/99659898017
513.0,514,2,/profile/81100368796
514.0,515,1,/doi/10.1145/2660168.2660187
515.0,516,2,/profile/81361599140
516.0,517,2,/profile/99658683973
517.0,518,2,/profile/81339497782
518.0,519,2,/profile/81340488045
519.0,520,2,/profile/81501653645
520.0,521,2,/profile/81100163549
521.0,522,2,/profile/81556171256
522.0,523,2,/profile/81100441853
523.0,524,2,/profile/81100067593
524.0,525,2,/profile/81384608247
525.0,526,2,/profile/81100509905
526.0,527,2,/profile/81371594001
527.0,528,2,/profile/99658686686
528.0,529,2,/profile/81413605634
529.0,530,2,/profile/99658684093
530.0,531,1,/doi/10.1145/3474944.3474962
531.0,532,2,/profile/99659900747
532.0,533,1,/doi/10.1145/2957276.2997027
533.0,534,2,/profile/99659020286
534.0,535,1,/doi/10.1145/3564665.3564677
535.0,536,2,/profile/99660650261
536.0,537,1,/doi/10.1145/3444757.3485106
537.0,538,2,/profile/99659909188
538.0,539,2,/profile/81538360356
539.0,540,2,/profile/99659908695
540.0,541,2,/profile/81444608280
541.0,542,2,/profile/81100493508
542.0,543,2,/profile/81479661172
543.0,544,2,/profile/81321497471
544.0,545,1,/doi/10.1145/3274250.3275113
545.0,546,2,/profile/99659319759
546.0,547,2,/profile/99659321403
547.0,548,1,/doi/10.1145/3220199.3220220
548.0,549,2,/profile/99659287101
549.0,550,2,/profile/81100344538
550.0,551,2,/profile/99659286498
551.0,552,1,/doi/10.1145/2676536.2676538
552.0,553,2,/profile/99659400298
553.0,554,2,/profile/83358784557
554.0,555,2,/profile/81470651383
555.0,556,2,/profile/81100213103
556.0,557,1,/doi/10.1145/3481646.3481649
557.0,558,2,/profile/99659915065
558.0,559,2,/profile/99659915143
559.0,560,1,/doi/10.1145/2699414
560.0,561,2,/profile/81100321949
561.0,562,2,/profile/81100368092
562.0,563,1,/doi/10.1145/2745754.2745782
563.0,564,2,/profile/81339507945
564.0,565,1,/doi/10.1145/3578339.3578345
565.0,566,2,/profile/99660754374
566.0,567,2,/profile/99660750410
567.0,568,2,/profile/99660753253
568.0,569,2,/profile/99660752220
569.0,570,2,/profile/99660754276
570.0,571,1,/doi/10.1145/3438872.3439086
571.0,572,2,/profile/99659666274
572.0,573,2,/profile/99659668000
573.0,574,2,/profile/99659665736
574.0,575,1,/doi/10.1145/2247596.2247598
575.0,576,2,/profile/81100597598
576.0,577,2,/profile/81100229036
577.0,578,2,/profile/81375609220
578.0,579,1,/doi/10.1145/3437075.3437078
579.0,580,2,/profile/99659670014
580.0,581,2,/profile/99659669625
581.0,582,2,/profile/99659670065
582.0,583,1,/doi/10.1145/3404555.3404630
583.0,584,2,/profile/81351600973
584.0,585,2,/profile/99659573491
585.0,586,2,/profile/99659580527
586.0,587,2,/profile/99659573669
587.0,588,2,/profile/99659574874
588.0,589,1,/doi/10.1145/3507524.3507534
589.0,590,2,/profile/99660021411
590.0,591,2,/profile/99660021328
591.0,592,2,/profile/99660020362
592.0,593,1,/doi/10.1145/3322134.3322137
593.0,594,2,/profile/99659370052
594.0,595,1,/doi/10.1145/2837060.2837112
595.0,596,2,/profile/99659083871
596.0,597,2,/profile/81550850556
597.0,598,2,/profile/81472643856
598.0,599,2,/profile/81384614789
599.0,600,1,/doi/10.1145/2839509.2844651
600.0,601,2,/profile/81392617207
601.0,602,1,/doi/10.1145/3127942.3127961
602.0,603,2,/profile/81100269326
603.0,604,2,/profile/99658967453
604.0,605,2,/profile/81100148576
605.0,606,1,/doi/10.1145/3264560.3266429
606.0,607,1,/doi/10.1145/3006299.3006311
607.0,608,2,/profile/99659092815
608.0,609,2,/profile/99659093269
609.0,610,2,/profile/81100648020
610.0,611,2,/profile/99659092202
611.0,612,1,/doi/10.1145/2345316.2345328
612.0,613,2,/profile/81464666609
613.0,614,1,/doi/10.1145/2538862.2538877
614.0,615,2,/profile/81548005495
615.0,616,2,/profile/81100128298
616.0,617,2,/profile/81548005496
617.0,618,2,/profile/81548005497
618.0,619,1,/doi/10.1145/3323878.3325802
619.0,620,2,/profile/83458971957
620.0,621,2,/profile/99659374282
621.0,622,2,/profile/99659063670
622.0,623,2,/profile/81482659837
623.0,624,2,/profile/81508688489
624.0,625,1,/doi/10.1145/3010089.3016031
625.0,626,2,/profile/81479641363
626.0,627,1,/doi/10.1145/2479724.2479764
627.0,628,2,/profile/81100009957
628.0,629,2,/profile/81436602064
629.0,630,1,/doi/10.1145/2379436.2379440
630.0,631,2,/profile/81435604403
631.0,632,2,/profile/82458672657
632.0,633,2,/profile/81490656440
633.0,634,1,/doi/10.1145/2331042.2331057
634.0,635,1,/doi/10.1145/2693561.2693563
635.0,636,2,/profile/81758695357
636.0,637,2,/profile/81100371712
637.0,638,1,/doi/10.1145/3419604.3419803
638.0,639,2,/profile/99659651461
639.0,640,2,/profile/99659635631
640.0,641,2,/profile/87358874757
641.0,642,2,/profile/99659350295
642.0,643,1,/doi/10.1145/2588555.2610512
643.0,644,2,/profile/81490642386
644.0,645,2,/profile/81300133501
645.0,646,2,/profile/81501680798
646.0,647,2,/profile/81100261108
647.0,648,2,/profile/81100273472
648.0,649,1,/doi/10.1145/3423603.3424056
649.0,650,2,/profile/99659656637
650.0,651,2,/profile/99659657685
651.0,652,2,/profile/99659658539
652.0,653,2,/profile/99658695857
653.0,654,1,/doi/10.1145/3090354.3090363
654.0,655,2,/profile/99659191696
655.0,656,2,/profile/81100263071
656.0,657,1,/doi/10.1145/3264560.3264572
657.0,658,2,/author/Fathi%2C+F
658.0,659,2,/author/Abghour%2C+N
659.0,660,2,/author/Ouzzif%2C+M
660.0,661,1,/doi/10.1145/3141128.3141138
661.0,662,2,/profile/99659235270
662.0,663,2,/profile/81461656666
663.0,664,2,/profile/99658754513
664.0,665,2,/profile/99658722531
665.0,666,1,/doi/10.1145/3239438.3239485
666.0,667,2,/profile/99659305775
667.0,668,2,/profile/99659306674
668.0,669,2,/profile/99659306627
669.0,670,2,/profile/81482649620
670.0,671,1,/doi/10.1145/2911975
671.0,672,2,/profile/81367598959
672.0,673,1,/doi/10.1145/2983323.2983345
673.0,674,2,/profile/99659017927
674.0,675,2,/profile/99659081618
675.0,676,2,/profile/99659081467
676.0,677,2,/profile/81100501359
677.0,678,2,/profile/81435597134
678.0,679,1,/doi/10.1145/2666310.2666481
679.0,680,2,/profile/82258977057
680.0,681,2,/profile/81314488940
681.0,682,2,/profile/81100653443
682.0,683,2,/profile/81350573402
683.0,684,1,/doi/10.1145/2612733.2612779
684.0,685,1,/doi/10.1145/3456389.3456390
685.0,686,2,/profile/99659732084
686.0,687,1,/doi/10.1145/3341042.3341056
687.0,688,2,/profile/99659456528
688.0,689,2,/profile/99659456937
689.0,690,2,/profile/99659457121
690.0,691,2,/profile/99659456335
691.0,692,1,/doi/10.1145/3312614.3312623
692.0,693,2,/profile/99659274012
693.0,694,2,/profile/99659359564
694.0,695,2,/profile/99659359603
695.0,696,2,/profile/99659360062
696.0,697,2,/profile/99659360176
697.0,698,2,/profile/99659359772
698.0,699,1,/doi/10.1145/3006386.3006387
699.0,700,2,/profile/99658982654
700.0,701,2,/profile/99659087546
701.0,702,2,/profile/81310493072
702.0,703,1,/doi/10.1145/3239283.3239322
703.0,704,2,/profile/99659304114
704.0,705,2,/profile/82858661457
705.0,706,1,/doi/10.1109/CCGrid.2016.107
706.0,707,2,/profile/99659455383
707.0,708,1,/doi/10.1145/3134302.3134335
708.0,709,2,/profile/81100316248
709.0,710,1,/doi/10.1145/3242840.3242842
710.0,711,2,/profile/99659305507
711.0,712,2,/profile/99659306609
712.0,713,2,/profile/99659306428
713.0,714,2,/profile/99659306617
714.0,715,2,/profile/81557654356
715.0,716,1,/doi/10.1145/3335484.3335545
716.0,717,2,/profile/99659444515
717.0,718,2,/profile/81550560856
718.0,719,2,/profile/99659445473
719.0,720,1,/doi/10.1145/3290420.3290466
720.0,721,2,/profile/99659353070
721.0,722,2,/profile/81384612586
722.0,723,2,/profile/99659352903
723.0,724,1,/doi/10.1145/3195106.3195172
724.0,725,2,/profile/99658735411
725.0,726,2,/profile/99658737265
726.0,727,2,/profile/99659083853
727.0,728,1,/doi/10.1145/3129757.3129762
728.0,729,2,/profile/99659199432
729.0,730,1,/doi/10.1145/3512731.3534211
730.0,731,2,/profile/99659097174
731.0,732,2,/profile/81385593559
732.0,733,2,/profile/81309512803
733.0,734,2,/profile/99660496936
734.0,735,1,/doi/10.14778/2367502.2367563
735.0,736,2,/profile/81100129390
736.0,737,1,/doi/10.1145/2351316.2351322
737.0,738,2,/profile/81488662748
738.0,739,2,/profile/81339499259
739.0,740,1,/doi/10.1145/3106237.3117774
740.0,741,2,/profile/81321487812
741.0,742,2,/profile/99658652000
742.0,743,2,/profile/81336487723
743.0,744,2,/profile/81100333862
744.0,745,2,/profile/81100300026
745.0,746,2,/profile/81485657893
746.0,747,1,/doi/10.1145/3437075.3437083
747.0,748,2,/profile/99659671022
748.0,749,2,/profile/99659538212
749.0,750,2,/profile/99659670762
750.0,751,2,/profile/99659669096
751.0,752,1,/doi/10.1145/3063955.3063968
752.0,753,2,/profile/81381611215
753.0,754,2,/profile/99659462259
754.0,755,2,/profile/99659160258
755.0,756,2,/profile/99659161809
756.0,757,1,/doi/10.1145/3148055.3148068
757.0,758,2,/profile/99659230620
758.0,759,2,/profile/86158765657
759.0,760,2,/profile/81100465505
760.0,761,1,/doi/10.1145/3322134.3322149
761.0,762,2,/profile/99659371500
762.0,763,2,/profile/99659370353
763.0,764,2,/profile/99659370180
764.0,765,1,/doi/10.1145/2513190.2513198
765.0,766,2,/profile/81100618426
766.0,767,1,/doi/10.1145/2611567
767.0,768,2,/profile/81309509146
768.0,769,2,/profile/81100554717
769.0,770,2,/profile/81100109980
770.0,771,2,/profile/81350582809
771.0,772,2,/profile/81100290062
772.0,773,2,/profile/81100616904
773.0,774,1,/doi/10.1145/3322134.3323932
774.0,775,2,/profile/99659369238
775.0,776,2,/profile/99659370984
776.0,777,1,/doi/10.1145/3560107.3560310
777.0,778,2,/profile/99660648485
778.0,779,2,/profile/99659269437
779.0,780,2,/profile/99660649217
780.0,781,2,/profile/81458649687
781.0,782,1,/doi/10.1145/2691195.2691196
782.0,783,2,/profile/99658691609
783.0,784,1,/doi/10.1145/2463676.2463707
784.0,785,2,/profile/81502802104
785.0,786,2,/profile/81502810596
786.0,787,2,/profile/81548006186
787.0,788,1,/doi/10.1145/3305160.3305211
788.0,789,2,/profile/99659357479
789.0,790,1,/doi/10.14778/2824032.2824141
790.0,791,2,/profile/99658750368
791.0,792,1,/doi/10.1145/2928294.2928302
792.0,793,2,/profile/81323496638
793.0,794,2,/profile/99659032933
794.0,795,2,/profile/81372593030
795.0,796,2,/profile/99659033396
796.0,797,2,/profile/81100644228
797.0,798,1,/doi/10.1145/3090354.3090388
798.0,799,2,/profile/99659192378
799.0,800,2,/profile/99659192372
800.0,801,2,/profile/99659192429
801.0,802,1,/doi/10.1145/3175684.3175688
802.0,803,2,/profile/99659257058
803.0,804,2,/profile/99659257442
804.0,805,1,/doi/10.1145/3220199.3220200
805.0,806,2,/profile/99659287551
806.0,807,2,/profile/99659287901
807.0,808,1,/doi/10.1145/3419634
808.0,809,2,/profile/99659208244
809.0,810,2,/profile/81467670584
810.0,811,2,/profile/81100390540
811.0,812,1,/doi/10.1145/3291801.3291820
812.0,813,2,/profile/99659342374
813.0,814,2,/profile/99659342685
814.0,815,2,/profile/99659342399
815.0,816,1,/doi/10.1145/3010089.3010144
816.0,817,1,/doi/10.1145/2361999.2362038
817.0,818,2,/profile/81508684128
818.0,819,1,/doi/10.1145/3436286.3436404
819.0,820,2,/profile/99659669274
820.0,821,2,/profile/99659669244
821.0,822,1,/doi/10.1145/2640087.2644159
822.0,823,2,/profile/81384606960
823.0,824,2,/profile/82259239757
824.0,825,1,/doi/10.14778/2733004.2733015
825.0,826,2,/profile/99658681162
826.0,827,2,/profile/99659864429
827.0,828,2,/profile/99658676224
828.0,829,2,/profile/81384612017
829.0,830,2,/profile/81344489120
830.0,831,1,/doi/10.1145/3006299.3006306
831.0,832,2,/profile/99659092504
832.0,833,2,/profile/81451594998
833.0,834,2,/profile/81487647012
834.0,835,1,/doi/10.1145/3230348.3230368
835.0,836,2,/profile/99659306366
836.0,837,2,/profile/99659305143
837.0,838,2,/profile/99659306521
838.0,839,1,/doi/10.1145/2481244.2481247
839.0,840,2,/profile/81471640432
840.0,841,2,/profile/81460656206
841.0,842,1,/doi/10.1145/2609876.2609878
842.0,843,2,/profile/81311483602
843.0,844,1,/doi/10.1145/3010089.3010100
844.0,845,2,/profile/99659130803
845.0,846,2,/profile/81414620504
846.0,847,1,/doi/10.1145/2612733.2612780
847.0,848,1,/doi/10.1145/3389250
848.0,849,1,/doi/10.1145/2896825.2896834
849.0,850,2,/profile/99659023874
850.0,851,2,/profile/99659024527
851.0,852,2,/profile/99659024923
852.0,853,2,/profile/99659023434
853.0,854,1,/doi/10.1145/3322134.3322150
854.0,855,1,/doi/10.1145/3341620.3341630
855.0,856,2,/profile/99659458694
856.0,857,2,/profile/99659825580
857.0,858,2,/profile/99658653258
858.0,859,2,/profile/99659458075
859.0,860,1,/doi/10.14778/2367502.2367572
860.0,861,1,/doi/10.1145/3627377.3627400
861.0,862,2,/profile/99661073908
862.0,863,1,/doi/10.1145/3206157.3206177
863.0,864,2,/profile/99659274360
864.0,865,1,/doi/10.1145/3379247.3379298
865.0,866,2,/profile/99659508966
866.0,867,2,/profile/99659509118
867.0,868,1,/doi/10.1145/3565291.3565298
868.0,869,2,/profile/99660662935
869.0,870,1,/doi/10.1145/3588921
870.0,871,2,/profile/99659455197
871.0,872,2,/author/Sen%2C+Rathijit
872.0,873,2,/author/Horton%2C+Robert
873.0,874,2,/author/Agosta%2C+John+Mark
874.0,875,1,/doi/10.1145/3456887.3457461
875.0,876,2,/profile/99659733336
876.0,877,2,/profile/99659733032
877.0,878,1,/doi/10.1145/2331042.2331054
878.0,879,2,/profile/81408597172
879.0,880,2,/profile/81477642970
880.0,881,2,/profile/81486642059
881.0,882,2,/profile/81502645660
882.0,883,2,/profile/81467667437
883.0,884,1,/doi/10.1145/3474944.3474952
884.0,885,2,/profile/99659895669
885.0,886,1,/doi/10.1145/3386415.3386964
886.0,887,2,/profile/99659536445
887.0,888,2,/profile/99659535617
888.0,889,2,/profile/99659535934
889.0,890,1,/doi/10.1145/2896825.2896838
890.0,891,2,/profile/81557050756
891.0,892,2,/profile/99659024812
892.0,893,2,/profile/81100077635
893.0,894,1,/doi/10.1145/3168390.3168425
894.0,895,2,/profile/99659241461
895.0,896,2,/profile/99659241308
896.0,897,2,/profile/81501673276
897.0,898,2,/profile/99659227230
898.0,899,2,/profile/81435600021
899.0,900,1,/doi/10.1145/2743065.2743099
900.0,901,2,/profile/81474699140
901.0,902,2,/profile/99660475507
902.0,903,2,/profile/99658712508
903.0,904,1,/doi/10.1145/3277104.3277107
904.0,905,2,/profile/99659324729
905.0,906,2,/profile/99659324718
906.0,907,2,/profile/99659324566
907.0,908,1,/doi/10.1145/3003733.3003767
908.0,909,2,/profile/99659128696
909.0,910,2,/profile/81502725790
910.0,911,1,/doi/10.1145/3130218.3130236
911.0,912,2,/profile/81470652738
912.0,913,2,/profile/88159202057
913.0,914,2,/profile/99659169381
914.0,915,2,/profile/81436598681
915.0,916,2,/profile/99659202401
916.0,917,2,/profile/81375619449
917.0,918,1,/doi/10.1145/3265689.3265706
918.0,919,2,/profile/99661127892
919.0,920,1,/doi/10.1145/3348400.3348414
920.0,921,2,/profile/99659465595
921.0,922,2,/profile/81100559370
922.0,923,2,/profile/99658959017
923.0,924,1,/doi/10.1145/2351316.2351329
924.0,925,2,/profile/81501646172
925.0,926,2,/profile/81508691329
926.0,927,2,/profile/81458641452
927.0,928,2,/profile/81100054575
928.0,929,1,/doi/10.1145/2486227.2486231
929.0,930,2,/profile/81100273168
930.0,931,1,/doi/10.1145/3209281.3209360
931.0,932,2,/profile/99659273776
932.0,933,2,/profile/81384595734
933.0,934,2,/profile/81100345350
934.0,935,1,/doi/10.1145/2448917.2448925
935.0,936,2,/profile/81554602556
936.0,937,1,/doi/10.1145/3396956.3398253
937.0,938,2,/profile/99659542194
938.0,939,2,/profile/99659542150
939.0,940,2,/profile/99659542007
940.0,941,2,/profile/99659541836
941.0,942,1,/doi/10.1145/2378975.2378987
942.0,943,2,/profile/81544043956
943.0,944,2,/profile/81547238956
944.0,945,2,/profile/81453613299
945.0,946,2,/profile/81453638371
946.0,947,2,/profile/81453649345
947.0,948,2,/profile/81453606663
948.0,949,1,/doi/10.1145/3361525.3361545
949.0,950,2,/profile/99659484540
950.0,951,2,/profile/81331502673
951.0,952,2,/profile/81100248187
952.0,953,1,/doi/10.1145/2905055.2905202
953.0,954,2,/profile/99660726154
954.0,955,2,/profile/81488672240
955.0,956,2,/profile/99659068855
956.0,957,1,/doi/10.1145/3645279.3645293
957.0,958,2,/profile/99661199731
958.0,959,2,/profile/99661199286
959.0,960,2,/profile/99661198347
960.0,961,1,/doi/10.1145/2896825.2896835
961.0,962,2,/profile/99658737585
962.0,963,2,/profile/99659023452
963.0,964,2,/profile/81488646345
964.0,965,2,/profile/81100189933
965.0,966,1,/doi/10.1145/2791347.2791380
966.0,967,2,/profile/81482662250
967.0,968,2,/profile/81350594201
968.0,969,2,/profile/81100377273
969.0,970,1,/doi/10.1145/3301551.3301566
970.0,971,2,/profile/99659354988
971.0,972,2,/profile/99659355105
972.0,973,2,/profile/99659354977
973.0,974,1,/doi/10.1145/3387168.3387220
974.0,975,2,/profile/99659532806
975.0,976,1,/doi/10.1145/2680821.2680824
976.0,977,2,/profile/99658661873
977.0,978,2,/profile/81100174027
978.0,979,2,/profile/81312484665
979.0,980,1,/doi/10.1145/3105831.3105841
980.0,981,1,/doi/10.1145/3264560.3266428
981.0,982,2,/profile/99658725375
982.0,983,2,/profile/99659310074
983.0,984,1,/doi/10.1145/3041021.3053063
984.0,985,2,/profile/99659154324
985.0,986,2,/profile/81100146384
986.0,987,1,/doi/10.1145/3338906.3338939
987.0,988,2,/profile/81470653947
988.0,989,2,/profile/81326490426
989.0,990,1,/doi/10.1145/2389686.2389688
990.0,991,2,/profile/81488671140
991.0,992,2,/profile/81100590819
992.0,993,1,/doi/10.1145/3443467.3443749
993.0,994,2,/profile/99659675378
994.0,995,2,/profile/99659675306
995.0,996,2,/profile/81548040762
996.0,997,1,/doi/10.1145/2351316.2351323
997.0,998,2,/profile/99659670539
998.0,999,2,/profile/81502681485
999.0,1000,2,/profile/81481648726
1000.0,1001,2,/profile/81508703817
1001.0,1002,2,/profile/99659387970
1002.0,1003,2,/profile/99660049527
1003.0,1004,1,/doi/10.14778/2735461.2735465
1004.0,1005,2,/profile/81100438965
1005.0,1006,2,/profile/81350579639
1006.0,1007,2,/profile/81388593665
1007.0,1008,2,/profile/81100082301
1008.0,1009,2,/profile/81319503368
1009.0,1010,2,/profile/81100001867
1010.0,1011,2,/profile/81100183042
1011.0,1012,1,/doi/10.1109/CCGrid.2015.85
1012.0,1013,2,/profile/84460560557
1013.0,1014,2,/profile/81100418166
1014.0,1015,1,/doi/10.1145/2612733.2619954
1015.0,1016,2,/profile/99658614082
1016.0,1017,2,/profile/81384590951
1017.0,1018,1,/doi/10.1145/3291801.3291827
1018.0,1019,2,/profile/99659319479
1019.0,1020,2,/profile/99659318632
1020.0,1021,2,/profile/99659314196
1021.0,1022,2,/profile/99659318819
1022.0,1023,2,/profile/99659342631
1023.0,1024,1,/doi/10.1145/3372454.3372469
1024.0,1025,2,/profile/99659471621
1025.0,1026,2,/profile/99659471203
1026.0,1027,2,/profile/81414597011
1027.0,1028,1,/doi/10.1145/3148055.3148060
1028.0,1029,2,/profile/99659231107
1029.0,1030,2,/profile/81508707816
1030.0,1031,2,/profile/99659232152
1031.0,1032,2,/profile/81472651758
1032.0,1033,2,/profile/81100378023
1033.0,1034,1,/doi/10.1145/2812428.2812429
1034.0,1035,2,/profile/81552498456
1035.0,1036,1,/doi/10.1145/3338840.3355683
1036.0,1037,2,/profile/99659481194
1037.0,1038,2,/profile/81453623703
1038.0,1039,2,/profile/81100191436
1039.0,1040,2,/profile/99659652094
1040.0,1041,1,/doi/10.1145/3352700.3352709
1041.0,1042,2,/profile/99659460667
1042.0,1043,2,/profile/82658966857
1043.0,1044,1,/doi/10.1145/2594538.2594551
1044.0,1045,2,/profile/81100307839
1045.0,1046,1,/doi/10.1145/3358528.3359551
1046.0,1047,2,/profile/99659473959
1047.0,1048,2,/profile/81384615537
1048.0,1049,2,/profile/99659473673
1049.0,1050,2,/profile/99659335073
1050.0,1051,1,/doi/10.1145/3158341
1051.0,1052,2,/profile/81321497028
1052.0,1053,1,/doi/10.1145/3265689.3265721
1053.0,1054,2,/profile/99659315984
1054.0,1055,2,/profile/81339507278
1055.0,1056,2,/profile/81474685631
1056.0,1057,2,/profile/99658750190
1057.0,1058,2,/profile/99659316600
1058.0,1059,1,/doi/10.1145/3656766.3656946
1059.0,1060,2,/author/Zhou%2C+Zhanpeng
1060.0,1061,2,/author/Wei%2C+Zhe
1061.0,1062,2,/author/Wang%2C+Fang
1062.0,1063,1,/doi/10.1145/2351316.2351320
1063.0,1064,2,/profile/81488648178
1064.0,1065,2,/profile/81329490243
1065.0,1066,2,/profile/81372592212
1066.0,1067,1,/doi/10.1145/3297730.3297743
1067.0,1068,2,/profile/99659347462
1068.0,1069,2,/profile/99659346750
1069.0,1070,2,/profile/99659346883
1070.0,1071,1,/doi/10.1145/2903150.2908078
1071.0,1072,2,/profile/81351609124
1072.0,1073,1,/doi/10.1145/3369555.3369573
1073.0,1074,2,/profile/99659492945
1074.0,1075,2,/profile/88159421857
1075.0,1076,2,/profile/99659493156
1076.0,1077,2,/profile/99659492517
1077.0,1078,1,/doi/10.1145/3492324.3494169
1078.0,1079,2,/profile/99659954612
1079.0,1080,2,/profile/99659960103
1080.0,1081,2,/profile/99659959886
1081.0,1082,1,/doi/10.1145/3565387.3565402
1082.0,1083,2,/profile/99660654661
1083.0,1084,2,/profile/99660652536
1084.0,1085,2,/profile/99660656838
1085.0,1086,1,/doi/10.1145/2970276.2970325
1086.0,1087,2,/profile/99659067839
1087.0,1088,2,/profile/81100482180
1088.0,1089,2,/profile/99659068345
1089.0,1090,2,/profile/99659067398
1090.0,1091,2,/profile/99659067742
1091.0,1092,1,/doi/10.1145/3341620.3341622
1092.0,1093,2,/profile/81548811556
1093.0,1094,2,/profile/99659458612
1094.0,1095,2,/profile/99659458799
1095.0,1096,1,/doi/10.1145/2644866.2644870
1096.0,1097,2,/profile/99658657632
1097.0,1098,2,/profile/84459227357
1098.0,1099,1,/doi/10.1145/3538950.3538954
1099.0,1100,2,/profile/99660516595
1100.0,1101,2,/profile/99660518990
1101.0,1102,2,/profile/99660527158
1102.0,1103,1,/doi/10.1145/3450287
1103.0,1104,2,/profile/82658652657
1104.0,1105,1,/doi/10.1145/3206157.3206167
1105.0,1106,2,/profile/99659051860
1106.0,1107,2,/profile/99659019446
1107.0,1108,1,/doi/10.1145/3358505.3358512
1108.0,1109,2,/profile/81321491248
1109.0,1110,1,/doi/10.1145/3372454.3372478
1110.0,1111,2,/profile/99659492653
1111.0,1112,2,/profile/81100451130
1112.0,1113,1,/doi/10.1145/3281022.3281026
1113.0,1114,2,/profile/81100087741
1114.0,1115,2,/profile/81100556370
1115.0,1116,2,/profile/81100241494
1116.0,1117,2,/profile/99659315151
1117.0,1118,2,/profile/81100286659
1118.0,1119,1,/doi/10.1145/2968219.2968282
1119.0,1120,2,/profile/99658647511
1120.0,1121,2,/profile/99658649046
1121.0,1122,2,/profile/81100609541
1122.0,1123,2,/profile/81323495800
1123.0,1124,1,/doi/10.1145/3006386.3006391
1124.0,1125,2,/profile/81332529222
1125.0,1126,2,/profile/99658636048
1126.0,1127,2,/profile/88159278657
1127.0,1128,2,/profile/99659086952
1128.0,1129,1,/doi/10.1145/3231830.3231840
1129.0,1130,2,/profile/81322497344
1130.0,1131,2,/profile/99659320999
1131.0,1132,2,/profile/81502731089
1132.0,1133,2,/profile/99659320483
1133.0,1134,1,/doi/10.1145/2345316.2345320
1134.0,1135,2,/profile/81100507523
1135.0,1136,1,/doi/10.1145/3154943.3154946
1136.0,1137,2,/profile/99659343931
1137.0,1138,2,/profile/99659344605
1138.0,1139,2,/profile/99659246811
1139.0,1140,1,/doi/10.1145/3341620.3341635
1140.0,1141,2,/profile/99659459031
1141.0,1142,2,/profile/99659458209
1142.0,1143,2,/profile/99659458215
1143.0,1144,2,/profile/99659458547
1144.0,1145,1,/doi/10.1145/3299869.3320240
1145.0,1146,2,/profile/99659440072
1146.0,1147,2,/profile/99659439853
1147.0,1148,2,/profile/81100325947
1148.0,1149,2,/profile/81100276884
1149.0,1150,1,/doi/10.1145/3627377.3627395
1150.0,1151,2,/profile/99661074380
1151.0,1152,2,/profile/99661074604
1152.0,1153,2,/profile/99661072730
1153.0,1154,2,/profile/99661074621
1154.0,1155,2,/profile/99661073630
1155.0,1156,2,/profile/99661073940
1156.0,1157,2,/profile/99661073768
1157.0,1158,1,/doi/10.1145/3490322.3490346
1158.0,1159,2,/profile/99659922928
1159.0,1160,2,/profile/99659923329
1160.0,1161,2,/profile/99659922873
1161.0,1162,2,/profile/99659923442
1162.0,1163,2,/profile/99659923272
1163.0,1164,1,/doi/10.1145/2640087.2644170
1164.0,1165,2,/profile/81442599651
1165.0,1166,2,/profile/81453623865
1166.0,1167,1,/doi/10.1145/3415958.3433082
1167.0,1168,2,/profile/99659649272
1168.0,1169,1,/doi/10.1145/3175684.3175730
1169.0,1170,1,/doi/10.1145/2491894.2466485
1170.0,1171,2,/profile/81312482292
1171.0,1172,2,/profile/81350590981
1172.0,1173,1,/doi/10.1145/3097983.3098179
1173.0,1174,2,/profile/99659193184
1174.0,1175,2,/profile/89758945157
1175.0,1176,2,/profile/99659193218
1176.0,1177,1,/doi/10.1145/3421537.3421542
1177.0,1178,2,/profile/99659583551
1178.0,1179,1,/doi/10.1145/3209415.3209479
1179.0,1180,2,/profile/99659034071
1180.0,1181,1,/doi/10.14778/2367502.2367562
1181.0,1182,2,/profile/81100532158
1182.0,1183,2,/profile/81548006166
1183.0,1184,1,/doi/10.1145/3528114.3528119
1184.0,1185,2,/profile/99660147937
1185.0,1186,2,/profile/99660139165
1186.0,1187,2,/profile/99660109431
1187.0,1188,1,/doi/10.1145/3178315.3178323
1188.0,1189,1,/doi/10.1145/3404687.3404708
1189.0,1190,2,/profile/99659567217
1190.0,1191,2,/profile/99659564751
1191.0,1192,1,/doi/10.1145/2464157.2466485
1192.0,1193,1,/doi/10.1145/3132747.3132773
1193.0,1194,2,/profile/81551492056
1194.0,1195,2,/profile/81100661664
1195.0,1196,2,/profile/81384603991
1196.0,1197,2,/profile/87258849357
1197.0,1198,1,/doi/10.1145/2623330.2623615
1198.0,1199,2,/profile/81100039746
1199.0,1200,2,/profile/81100489302
1200.0,1201,1,/doi/10.1145/2345316.2345322
1201.0,1202,2,/profile/81508698406
1202.0,1203,1,/doi/10.1145/3447568.3448553
1203.0,1204,2,/profile/99659689731
1204.0,1205,2,/profile/99659547218
1205.0,1206,1,/doi/10.1145/3221269.3221294
1206.0,1207,2,/profile/81100524056
1207.0,1208,2,/profile/99659282388
1208.0,1209,2,/profile/81436602354
1209.0,1210,2,/profile/99659283566
1210.0,1211,2,/profile/81100309914
1211.0,1212,2,/profile/81100290016
1212.0,1213,1,/doi/10.1145/3402569.3409038
1213.0,1214,2,/profile/81440620835
1214.0,1215,2,/profile/99659575808
1215.0,1216,1,/doi/10.1145/3422713.3422738
1216.0,1217,2,/profile/99659613258
1217.0,1218,2,/profile/99659613394
1218.0,1219,2,/profile/99659601418
1219.0,1220,2,/profile/99659607814
1220.0,1221,1,/doi/10.1145/3299819.3299841
1221.0,1222,2,/profile/99659354639
1222.0,1223,2,/profile/99659354789
1223.0,1224,2,/profile/81549860456
1224.0,1225,2,/profile/99659200240
1225.0,1226,1,/doi/10.1145/2664591.2664619
1226.0,1227,2,/profile/99658638442
1227.0,1228,2,/profile/81100450199
1228.0,1229,2,/profile/81100353313
1229.0,1230,1,/doi/10.1145/3220228.3220236
1230.0,1231,2,/profile/81387604056
1231.0,1232,2,/profile/99659301616
1232.0,1233,1,/doi/10.1145/3206157.3206160
1233.0,1234,2,/profile/99658959337
1234.0,1235,2,/profile/99659274218
1235.0,1236,1,/doi/10.1145/2345316.2345329
1236.0,1237,2,/profile/81466641180
1237.0,1238,1,/doi/10.1145/3368691.3368713
1238.0,1239,2,/profile/99659320125
1239.0,1240,2,/profile/81100571622
1240.0,1241,2,/author/Zhao%2C+Yan
1241.0,1242,2,/author/Zhang%2C+Weidong
1242.0,1243,2,/author/Huang%2C+Rong
1243.0,1244,1,/doi/10.1145/3141128.3141143
1244.0,1245,2,/profile/99659235322
1245.0,1246,2,/profile/81100441182
1246.0,1247,2,/profile/99659247145
1247.0,1248,1,/doi/10.1145/3546632.3546889
1248.0,1249,2,/profile/99660564262
1249.0,1250,2,/profile/99660564566
1250.0,1251,1,/doi/10.1145/3472163.3472195
1251.0,1252,2,/profile/81384611887
1252.0,1253,2,/profile/99660960095
1253.0,1254,1,/doi/10.1145/3406601.3406628
1254.0,1255,2,/profile/99659006305
1255.0,1256,1,/doi/10.1145/3440084.3441210
1256.0,1257,2,/profile/99659676114
1257.0,1258,2,/profile/99659676102
1258.0,1259,2,/profile/99659676711
1259.0,1260,2,/profile/99659676653
1260.0,1261,2,/profile/99659676775
1261.0,1262,1,/doi/10.1145/3507524.3507533
1262.0,1263,2,/profile/99660019858
1263.0,1264,2,/profile/99660020246
1264.0,1265,2,/profile/99660020890
1265.0,1266,1,/doi/10.1145/3341620.3341637
1266.0,1267,2,/profile/99659458295
1267.0,1268,2,/profile/99661121954
1268.0,1269,2,/profile/99661115013
1269.0,1270,1,/doi/10.1145/3297730.3297731
1270.0,1271,2,/profile/99659234493
1271.0,1272,1,/doi/10.1145/3423603.3424049
1272.0,1273,2,/profile/99659658992
1273.0,1274,2,/profile/81486655077
1274.0,1275,2,/profile/81100214807
1275.0,1276,1,/doi/10.1145/2783258.2783372
1276.0,1277,2,/profile/81479663507
1277.0,1278,2,/profile/81414611234
1278.0,1279,2,/profile/81100345733
1279.0,1280,2,/profile/81100151066
1280.0,1281,1,/doi/10.1145/2025528.2025537
1281.0,1282,2,/profile/81100345201
1282.0,1283,2,/profile/81100047223
1283.0,1284,1,/doi/10.1145/3220199.3220221
1284.0,1285,2,/profile/99658766190
1285.0,1286,2,/profile/99659287955
1286.0,1287,2,/profile/99659286641
1287.0,1288,2,/profile/99659286558
1288.0,1289,2,/profile/99659284361
1289.0,1290,1,/doi/10.1145/3378904.3378923
1290.0,1291,2,/profile/99659210365
1291.0,1292,2,/profile/99659210448
1292.0,1293,2,/profile/99659297818
1293.0,1294,1,/doi/10.1145/3651623.3651625
1294.0,1295,2,/profile/99660989081
1295.0,1296,1,/doi/10.1145/3358528.3358581
1296.0,1297,2,/profile/99659628350
1297.0,1298,2,/profile/99659560539
1298.0,1299,1,/doi/10.1145/3396452.3396464
1299.0,1300,2,/profile/99659532113
1300.0,1301,2,/profile/99659532924
1301.0,1302,1,/doi/10.1145/3436829.3436838
1302.0,1303,2,/profile/99659670034
1303.0,1304,2,/profile/99659670500
1304.0,1305,2,/profile/99659670488
1305.0,1306,1,/doi/10.1145/3564665.3564674
1306.0,1307,2,/profile/99660650358
1307.0,1308,1,/doi/10.1145/2258056.2258058
1308.0,1309,2,/profile/81100610476
1309.0,1310,2,/profile/81474698743
1310.0,1311,2,/profile/81472645927
1311.0,1312,2,/profile/81472644588
1312.0,1313,1,/doi/10.1145/3412497
1313.0,1314,2,/profile/81339521553
1314.0,1315,2,/profile/99659633094
1315.0,1316,2,/profile/99659651357
1316.0,1317,2,/profile/99659184417
1317.0,1318,2,/profile/99659631313
1318.0,1319,2,/profile/99659648301
1319.0,1320,1,/doi/10.1145/3656766.3656925
1320.0,1321,2,/author/Han%2C+Ruiqi
1321.0,1322,1,/doi/10.1145/3603955.3603960
1322.0,1323,2,/profile/99659886217
1323.0,1324,2,/profile/99659731366
1324.0,1325,2,/profile/99660982080
1325.0,1326,2,/profile/99660979779
1326.0,1327,2,/profile/99659832329
1327.0,1328,1,/doi/10.1145/3206157.3206184
1328.0,1329,2,/profile/99659273780
1329.0,1330,1,/doi/10.1145/3569966.3571271
1330.0,1331,2,/profile/99660663891
1331.0,1332,2,/profile/99660662305
1332.0,1333,2,/profile/99660663543
1333.0,1334,1,/doi/10.14778/2824032.2824067
1334.0,1335,2,/profile/99658753564
1335.0,1336,2,/profile/81453629903
1336.0,1337,2,/profile/99658753572
1337.0,1338,2,/profile/81350582990
1338.0,1339,2,/profile/81336489541
1339.0,1340,1,/doi/10.1145/3374587.3374650
1340.0,1341,2,/profile/99659509023
1341.0,1342,2,/profile/99659508905
1342.0,1343,2,/profile/99659509255
1343.0,1344,1,/doi/10.1145/3501409.3501593
1344.0,1345,2,/profile/99659943243
1345.0,1346,1,/doi/10.1145/3206157.3206163
1346.0,1347,2,/profile/99659274389
1347.0,1348,2,/profile/99659273969
1348.0,1349,2,/profile/99659273560
1349.0,1350,2,/profile/99659273685
1350.0,1351,1,/doi/10.1145/3645279.3645297
1351.0,1352,2,/profile/99661199475
1352.0,1353,2,/profile/99661198975
1353.0,1354,1,/doi/10.1145/3565291.3565294
1354.0,1355,2,/profile/99660662820
1355.0,1356,2,/profile/99660663737
1356.0,1357,2,/profile/81490648449
1357.0,1358,1,/doi/10.1145/3335656.3335688
1358.0,1359,2,/profile/99659441846
1359.0,1360,1,/doi/10.1145/2935753
1360.0,1361,2,/profile/81309487149
1361.0,1362,2,/profile/81482652677
1362.0,1363,1,/doi/10.1145/3411681.3412951
1363.0,1364,2,/profile/99659575602
1364.0,1365,2,/profile/99659574254
1365.0,1366,2,/profile/99659575640
1366.0,1367,2,/profile/99659576028
1367.0,1368,2,/profile/99659575897
1368.0,1369,2,/profile/99659576032
1369.0,1370,1,/doi/10.1145/2744700.2744705
1370.0,1371,2,/profile/81418593295
1371.0,1372,1,/doi/10.1145/3451400.3451411
1372.0,1373,2,/profile/99659689591
1373.0,1374,1,/doi/10.1145/3451400.3451412
1374.0,1375,2,/profile/99659762457
1375.0,1376,1,/doi/10.1145/3590837.3590938
1376.0,1377,2,/profile/99660887557
1377.0,1378,2,/profile/99660884520
1378.0,1379,1,/doi/10.1145/2168931.2168932
1379.0,1380,2,/profile/81100283877
1380.0,1381,2,/profile/81100118833
1381.0,1382,1,/doi/10.1145/3358505.3358519
1382.0,1383,1,/doi/10.1145/2429376.2429382
1383.0,1384,2,/profile/81100077236
1384.0,1385,2,/profile/81361601201
1385.0,1386,1,/doi/10.1145/3555962.3555969
1386.0,1387,2,/profile/99659472227
1387.0,1388,2,/profile/99659582520
1388.0,1389,2,/profile/81350582835
1389.0,1390,2,/profile/99659472182
1390.0,1391,1,/doi/10.1145/3314074.3314097
1391.0,1392,2,/profile/99659357766
1392.0,1393,2,/profile/99659357585
1393.0,1394,1,/doi/10.1145/3448734.3450838
1394.0,1395,2,/profile/99659704351
1395.0,1396,1,/doi/10.1145/3659211.3659290
1396.0,1397,2,/profile/99661224664
1397.0,1398,2,/profile/99661219487
1398.0,1399,1,/doi/10.1145/2976744
1399.0,1400,2,/profile/81460649624
1400.0,1401,2,/profile/81452596585
1401.0,1402,2,/profile/81408597754
1402.0,1403,2,/profile/81100323054
1403.0,1404,1,/doi/10.1109/CCGrid.2015.138
1404.0,1405,2,/profile/99658659385
1405.0,1406,2,/profile/81472653313
1406.0,1407,2,/profile/81100315534
1407.0,1408,1,/doi/10.1145/3289402.3289525
1408.0,1409,2,/profile/99659350431
1409.0,1410,2,/profile/86158982657
1410.0,1411,2,/profile/81453652003
1411.0,1412,1,/doi/10.1145/3564665.3564668
1412.0,1413,2,/profile/99660651074
1413.0,1414,2,/profile/99660650707
1414.0,1415,2,/profile/99660649927
1415.0,1416,1,/doi/10.1145/3656766.3656938
1416.0,1417,2,/author/Lan%2C+Yanling
1417.0,1418,2,/author/Liu%2C+Sihang
1418.0,1419,1,/doi/10.1145/3158344
1419.0,1420,2,/profile/99659250548
1420.0,1421,2,/profile/81100393716
1421.0,1422,1,/doi/10.1145/2641398
1422.0,1423,2,/profile/81100569516
1423.0,1424,2,/profile/60000000463
1424.0,1425,1,/doi/10.1145/3565291.3565292
1425.0,1426,2,/profile/99660663708
1426.0,1427,2,/profile/99660662825
1427.0,1428,2,/profile/99660663660
1428.0,1429,2,/profile/99660662096
1429.0,1430,2,/profile/99660661501
1430.0,1431,1,/doi/10.1145/3291801.3291837
1431.0,1432,2,/profile/99659343226
1432.0,1433,2,/profile/99659343332
1433.0,1434,2,/profile/99659342522
1434.0,1435,2,/profile/99659342526
1435.0,1436,2,/profile/81464666657
1436.0,1437,1,/doi/10.14778/2733004.2733045
1437.0,1438,2,/profile/99658683098
1438.0,1439,1,/doi/10.1145/2818869.2818884
1439.0,1440,2,/profile/81498655257
1440.0,1441,2,/profile/99658756637
1441.0,1442,1,/doi/10.1145/3220199.3220205
1442.0,1443,2,/profile/99659287129
1443.0,1444,2,/profile/99659287327
1444.0,1445,2,/profile/81100664535
1445.0,1446,1,/doi/10.1109/CCGrid.2013.53
1446.0,1447,2,/profile/81453659331
1447.0,1448,2,/profile/81314482978
1448.0,1449,1,/doi/10.1145/3608218.3608236
1449.0,1450,2,/profile/99660987854
1450.0,1451,2,/profile/99660987295
1451.0,1452,1,/doi/10.1145/3085228.3085275
1452.0,1453,2,/profile/81453648811
1453.0,1454,2,/profile/81100599790
1454.0,1455,1,/doi/10.1145/3220228.3220238
1455.0,1456,2,/profile/99659185570
1456.0,1457,2,/profile/99659302083
1457.0,1458,2,/profile/99659303617
1458.0,1459,2,/profile/99659302995
1459.0,1460,2,/profile/99659303472
1460.0,1461,2,/profile/81100238147
1461.0,1462,1,/doi/10.1145/3299869.3319898
1462.0,1463,2,/profile/84460747357
1463.0,1464,2,/profile/99659184565
1464.0,1465,2,/profile/81453657014
1465.0,1466,1,/doi/10.1145/3224207.3224220
1466.0,1467,2,/profile/81444592243
1467.0,1468,2,/profile/99659305902
1468.0,1469,2,/profile/99658672868
1469.0,1470,2,/profile/81408600293
1470.0,1471,2,/profile/99659306619
1471.0,1472,2,/profile/81549546356
1472.0,1473,1,/doi/10.1145/3424978.3425001
1473.0,1474,2,/profile/99659587850
1474.0,1475,2,/profile/99659587485
1475.0,1476,1,/doi/10.1145/3468920.3468923
1476.0,1477,2,/profile/99659852357
1477.0,1478,2,/profile/99659863282
1478.0,1479,1,/doi/10.1145/3274005.3274015
1479.0,1480,1,/doi/10.1145/3378936.3378957
1480.0,1481,2,/profile/99659509446
1481.0,1482,2,/profile/99659509112
1482.0,1483,2,/profile/99659508885
1483.0,1484,2,/profile/99659508737
1484.0,1485,1,/doi/10.1145/2640087.2644194
1485.0,1486,2,/profile/81317492043
1486.0,1487,1,/doi/10.1145/3207677.3278000
1487.0,1488,2,/profile/99659317903
1488.0,1489,2,/profile/99659316750
1489.0,1490,1,/doi/10.1145/3386723.3387826
1490.0,1491,2,/profile/99659532689
1491.0,1492,2,/profile/99659076796
1492.0,1493,1,/doi/10.1145/3624288.3624293
1493.0,1494,2,/profile/99660017483
1494.0,1495,2,/profile/99661076549
1495.0,1496,2,/profile/99661078267
1496.0,1497,2,/profile/99661080980
1497.0,1498,2,/profile/99660018200
1498.0,1499,2,/profile/99660975178
1499.0,1500,1,/doi/10.1145/3407947.3407977
1500.0,1501,2,/profile/99659565808
1501.0,1502,2,/profile/81548007387
1502.0,1503,2,/profile/81343509070
1503.0,1504,1,/doi/10.1145/2743065.2743110
1504.0,1505,2,/profile/99658710321
1505.0,1506,2,/profile/99658710200
1506.0,1507,2,/profile/99660655147
1507.0,1508,1,/doi/10.1145/3399205.3399225
1508.0,1509,2,/profile/99659539312
1509.0,1510,2,/profile/99659539398
1510.0,1511,2,/profile/99659539084
1511.0,1512,1,/doi/10.1145/3587716.3587752
1512.0,1513,2,/profile/99661000124
1513.0,1514,2,/profile/99661000088
1514.0,1515,2,/profile/99660994022
1515.0,1516,2,/profile/99660998570
1516.0,1517,2,/profile/99660993990
1517.0,1518,1,/doi/10.1145/3448734.3450843
1518.0,1519,2,/profile/99659664425
1519.0,1520,2,/profile/99659719167
1520.0,1521,1,/doi/10.1145/2694730.2694732
1521.0,1522,2,/profile/99658686253
1522.0,1523,2,/profile/81100482547
1523.0,1524,1,/doi/10.1145/2771299
1524.0,1525,2,/profile/81375591092
1525.0,1526,1,/doi/10.1145/2331042.2331061
1526.0,1527,2,/profile/81310503018
1527.0,1528,1,/doi/10.1145/3130983
1528.0,1529,2,/profile/81450594244
1529.0,1530,2,/profile/99658744251
1530.0,1531,2,/profile/84459186457
1531.0,1532,2,/profile/99659201255
1532.0,1533,2,/profile/99659200232
1533.0,1534,2,/profile/99660685968
1534.0,1535,2,/profile/99659259394
1535.0,1536,1,/doi/10.1145/3299887.3299892
1536.0,1537,2,/profile/81100572340
1537.0,1538,2,/profile/83058625757
1538.0,1539,2,/profile/81418592892
1539.0,1540,2,/profile/81331503135
1540.0,1541,2,/profile/99659331990
1541.0,1542,1,/doi/10.1145/3289430.3289469
1542.0,1543,2,/profile/99659327041
1543.0,1544,2,/profile/99659327330
1544.0,1545,2,/profile/99659326872
1545.0,1546,1,/doi/10.1145/2168931.2168943
1546.0,1547,2,/profile/81309487122
1547.0,1548,2,/profile/81350602833
1548.0,1549,2,/profile/81100280834
1549.0,1550,2,/profile/81100090466
1550.0,1551,1,/doi/10.1145/3448748.3448749
1551.0,1552,2,/profile/99659690190
1552.0,1553,1,/doi/10.1145/2640087.2644162
1553.0,1554,1,/doi/10.14778/3007263.3007324
1554.0,1555,2,/profile/81100294250
1555.0,1556,1,/doi/10.1145/3371158.3371161
1556.0,1557,2,/profile/99659083607
1557.0,1558,2,/profile/81490687814
1558.0,1559,1,/doi/10.1145/3524383.3524423
1559.0,1560,2,/profile/99660239673
1560.0,1561,2,/profile/99660532699
1561.0,1562,2,/profile/99660533275
1562.0,1563,2,/profile/99660233867
1563.0,1564,1,/doi/10.1145/3386723.3387886
1564.0,1565,2,/profile/99659487947
1565.0,1566,2,/profile/99659373783
1566.0,1567,2,/profile/99659487943
1567.0,1568,1,/doi/10.1145/3481646.3481647
1568.0,1569,2,/profile/81100551680
1569.0,1570,1,/doi/10.1145/3508259.3508284
1570.0,1571,2,/profile/99660049756
1571.0,1572,2,/profile/99660050155
1572.0,1573,2,/profile/99660049452
1573.0,1574,1,/doi/10.1145/3022227.3022232
1574.0,1575,2,/profile/99659129254
1575.0,1576,2,/profile/99659128069
1576.0,1577,2,/profile/81464650033
1577.0,1578,2,/profile/81548010166
1578.0,1579,1,/doi/10.1145/3582935.3583052
1579.0,1580,2,/profile/99660772837
1580.0,1581,2,/profile/99660776018
1581.0,1582,2,/profile/99660776415
1582.0,1583,2,/profile/99660773059
1583.0,1584,1,/doi/10.1145/3318464.3389770
1584.0,1585,2,/profile/99659539081
1585.0,1586,2,/profile/81314493435
1586.0,1587,2,/profile/99660008552
1587.0,1588,2,/profile/99659503540
1588.0,1589,2,/profile/81361599316
1589.0,1590,2,/profile/81100626540
1590.0,1591,2,/profile/81100197170
1591.0,1592,1,/doi/10.1145/2642937.2643006
1592.0,1593,2,/profile/99658635947
1593.0,1594,2,/profile/99658637181
1594.0,1595,1,/doi/10.1145/2647908.2655958
1595.0,1596,2,/profile/81100228058
1596.0,1597,2,/profile/81320494442
1597.0,1598,1,/doi/10.1145/3076113.3076115
1598.0,1599,2,/profile/81758808457
1599.0,1600,2,/profile/81440621048
1600.0,1601,2,/profile/99659162413
1601.0,1602,2,/profile/81310482402
1602.0,1603,2,/profile/81100335067
1603.0,1604,1,/doi/10.1145/2524224.2524227
1604.0,1605,2,/profile/81508706788
1605.0,1606,2,/profile/81100213708
1606.0,1607,2,/profile/81100641846
1607.0,1608,2,/profile/81344496310
1608.0,1609,1,/doi/10.1145/3341161.3343518
1609.0,1610,2,/profile/81493658593
1610.0,1611,1,/doi/10.1145/3573428.3573647
1611.0,1612,2,/profile/99660757732
1612.0,1613,1,/doi/10.1145/3056662.3056667
1613.0,1614,2,/profile/99658689913
1614.0,1615,2,/profile/99659568191
1615.0,1616,2,/profile/81502695764
1616.0,1617,1,/doi/10.1145/3589860.3589880
1617.0,1618,2,/profile/99660998535
1618.0,1619,2,/profile/99661000116
1619.0,1620,2,/profile/99660998219
1620.0,1621,2,/profile/99660331415
1621.0,1622,2,/profile/99660496772
1622.0,1623,1,/doi/10.1145/3234664.3234677
1623.0,1624,2,/profile/99659316536
1624.0,1625,2,/profile/99659318098
1625.0,1626,1,/doi/10.1145/3151759.3151780
1626.0,1627,2,/profile/99659235791
1627.0,1628,2,/profile/81508706259
1628.0,1629,2,/profile/87259271857
1629.0,1630,1,/doi/10.1145/3331453.3361308
1630.0,1631,2,/profile/99659473642
1631.0,1632,2,/profile/99659473751
1632.0,1633,2,/profile/99659475523
1633.0,1634,2,/profile/99659475767
1634.0,1635,1,/doi/10.1145/3014812.3014869
1635.0,1636,2,/profile/81453606282
1636.0,1637,2,/profile/83358640457
1637.0,1638,2,/profile/99658760125
1638.0,1639,2,/profile/99659097642
1639.0,1640,2,/profile/99659097396
1640.0,1641,1,/doi/10.1145/2967938.2967957
1641.0,1642,2,/profile/81502655810
1642.0,1643,2,/profile/99659068420
1643.0,1644,2,/profile/99659515425
1644.0,1645,2,/profile/81455605293
1645.0,1646,2,/profile/81464663836
1646.0,1647,2,/profile/81474673891
1647.0,1648,1,/doi/10.1145/3368756.3369080
1648.0,1649,1,/doi/10.1145/3551708.3551726
1649.0,1650,2,/profile/99659583362
1650.0,1651,1,/doi/10.1145/2675743.2771878
1651.0,1652,2,/profile/99658725801
1652.0,1653,1,/doi/10.1145/3089251.3089252
1653.0,1654,2,/profile/81392612716
1654.0,1655,2,/profile/81100114740
1655.0,1656,1,/doi/10.1145/2968456.2976765
1656.0,1657,2,/profile/99658717037
1657.0,1658,2,/profile/81444606865
1658.0,1659,1,/doi/10.1145/3524383.3524442
1659.0,1660,2,/profile/99660533330
1660.0,1661,2,/profile/99660533075
1661.0,1662,2,/profile/99660487062
1662.0,1663,1,/doi/10.1145/3377571.3377600
1663.0,1664,2,/profile/99659527398
1664.0,1665,1,/doi/10.1145/2611286.2611311
1665.0,1666,2,/profile/81503689583
1666.0,1667,2,/profile/81482656833
1667.0,1668,2,/profile/81486646950
1668.0,1669,2,/profile/89558852957
1669.0,1670,1,/doi/10.1145/2851141.2851187
1670.0,1671,2,/profile/99658619857
1671.0,1672,2,/profile/81556502656
1672.0,1673,2,/profile/81100577962
1673.0,1674,2,/profile/99658732158
1674.0,1675,2,/profile/81100464692
1675.0,1676,1,/doi/10.1145/2939502.2939518
1676.0,1677,1,/doi/10.1145/2783258.2788563
1677.0,1678,2,/profile/81414621169
1678.0,1679,2,/profile/81492640651
1679.0,1680,2,/profile/81351600690
1680.0,1681,2,/profile/81492654889
1681.0,1682,2,/profile/81100243719
1682.0,1683,1,/doi/10.1109/SEAMS.2017.20
1683.0,1684,2,/profile/99659177855
1684.0,1685,2,/profile/81558352156
1685.0,1686,2,/profile/81100553817
1686.0,1687,2,/profile/81503679130
1687.0,1688,1,/doi/10.14778/2733004.2733037
1688.0,1689,2,/profile/81553122156
1689.0,1690,2,/profile/99658685195
1690.0,1691,2,/profile/81100250608
1691.0,1692,1,/doi/10.1145/3416921.3416944
1692.0,1693,1,/doi/10.1145/3617184.3618036
1693.0,1694,2,/profile/99661084904
1694.0,1695,2,/profile/99661079691
1695.0,1696,2,/profile/99661082904
1696.0,1697,1,/doi/10.1145/3433996.3434027
1697.0,1698,2,/profile/99659659388
1698.0,1699,2,/profile/99659660063
1699.0,1700,2,/profile/99659657965
1700.0,1701,2,/profile/99659658991
1701.0,1702,2,/profile/99659658752
1702.0,1703,2,/profile/99659035728
1703.0,1704,1,/doi/10.1145/2659532.2659593
1704.0,1705,2,/profile/81100245233
1705.0,1706,1,/doi/10.1145/3297156.3297249
1706.0,1707,2,/profile/99659353951
1707.0,1708,2,/profile/86159220457
1708.0,1709,2,/profile/99659353659
1709.0,1710,2,/profile/99659353077
1710.0,1711,1,/doi/10.1145/3453187.3453340
1711.0,1712,2,/profile/99659691541
1712.0,1713,2,/profile/99659691242
1713.0,1714,2,/profile/99659691371
1714.0,1715,1,/doi/10.1145/3358528.3358584
1715.0,1716,2,/profile/99659474314
1716.0,1717,2,/profile/99659474012
1717.0,1718,2,/profile/99659475269
1718.0,1719,2,/profile/99659474429
1719.0,1720,2,/profile/99659474686
1720.0,1721,2,/profile/99659475057
1721.0,1722,1,/doi/10.1145/3510858.3510975
1722.0,1723,2,/profile/99660020179
1723.0,1724,1,/doi/10.1145/2912845.2912869
1724.0,1725,2,/profile/99659039478
1725.0,1726,2,/profile/81501678942
1726.0,1727,2,/profile/81485653032
1727.0,1728,2,/profile/81501681945
1728.0,1729,2,/profile/99659038284
1729.0,1730,1,/doi/10.1145/3437075.3437086
1730.0,1731,2,/profile/99659644049
1731.0,1732,2,/profile/99659669648
1732.0,1733,2,/profile/99659670993
1733.0,1734,1,/doi/10.1145/3297663.3310302
1734.0,1735,2,/profile/99659359845
1735.0,1736,2,/profile/99659039819
1736.0,1737,2,/profile/81100225188
1737.0,1738,1,/doi/10.1145/3402569.3409041
1738.0,1739,2,/profile/99659576002
1739.0,1740,1,/doi/10.1145/3377170.3377180
1740.0,1741,2,/profile/99659512574
1741.0,1742,1,/doi/10.1145/2448917.2448923
1742.0,1743,2,/profile/81339516635
1743.0,1744,1,/doi/10.1145/3230348.3230425
1744.0,1745,2,/profile/99659306387
1745.0,1746,2,/profile/99659306600
1746.0,1747,2,/profile/99659305916
1747.0,1748,2,/profile/99659306068
1748.0,1749,1,/doi/10.1145/3372454.3372462
1749.0,1750,2,/profile/87058877957
1750.0,1751,2,/profile/99659495177
1751.0,1752,2,/profile/81381605859
1752.0,1753,2,/profile/99659494158
1753.0,1754,1,/doi/10.1109/CCGrid.2016.85
1754.0,1755,2,/profile/81413606942
1755.0,1756,2,/profile/99658643575
1756.0,1757,2,/profile/87959064557
1757.0,1758,2,/profile/81310489319
1758.0,1759,2,/profile/81100158143
1759.0,1760,1,/doi/10.1145/3090354.3090386
1760.0,1761,2,/profile/99659192614
,1762,1,/doi/10.4018/JDM.2020100101
,1763,2,/profile/99659236781
,1764,2,/profile/99660311466
,1765,1,/doi/10.1145/3018896.3025156
,1766,2,/profile/99659079462
,1767,2,/profile/81312482217
,1768,1,/doi/10.1016/j.procs.2017.11.036
,1769,1,/doi/10.1016/j.procs.2016.09.050
,1770,1,/doi/10.1007/978-3-319-24315-3_31
,1771,2,/profile/99660022164
,1772,2,/profile/81408592238
,1773,1,/doi/10.4018/IJSSOE.2016010103
,1774,1,/doi/10.1007/978-3-319-25013-7_16
,1775,2,/profile/99660044429
,1776,1,/doi/10.1145/2684200.2684358
,1777,2,/profile/81100149385
,1778,1,/doi/10.4018/IJITPM.304059
,1779,1,/doi/10.4018/IJOPCD.292026
,1780,2,/profile/99660274058
,1781,1,/doi/10.1007/978-3-031-40725-3_41
,1782,2,/profile/99661010550
,1783,2,/profile/99661010300
,1784,1,/doi/10.4018/IJDST.296248
,1785,2,/profile/81100561296
,1786,1,/doi/10.1145/3465481.3469195
,1787,2,/profile/99658667040
,1788,2,/profile/99659850009
,1789,2,/profile/81324489340
,1790,1,/doi/10.1145/3490685
,1791,2,/profile/81100024612
,1792,1,/doi/10.1145/3397521
,1793,2,/profile/81331499070
,1794,2,/profile/99659442644
,1795,1,/doi/10.1145/3581762
,1796,1,/doi/10.1145/3567605
,1797,2,/profile/99660647814
,1798,1,/doi/10.1145/3548781
,1799,2,/profile/81100637658
,1800,1,/doi/10.1145/3488042.3488053
,1801,2,/profile/81340493100
,1802,2,/profile/99659090092
,1803,1,/doi/10.1145/3399709
,1804,1,/doi/10.1145/3427634
,1805,1,/doi/10.1016/j.ijhcs.2012.10.005
,1806,1,/doi/10.1109/MIS.2008.10
,1807,2,/profile/81406595389
,1808,1,/doi/10.4018/IJSSCI.2021010104
,1809,2,/profile/99661167606
,1810,2,/profile/81421597330
,1811,1,/doi/10.4018/IJCAC.2021040103
,1812,1,/doi/10.1007/s10994-023-06455-1
,1813,2,/profile/99661206342
,1814,2,/profile/99661206884
,1815,1,/doi/10.1145/3628797.3628971
,1816,2,/profile/99661073042
,1817,1,/doi/10.1016/j.cmpb.2021.106398
,1818,2,/profile/99659333922
,1819,2,/profile/81100229258
,1820,1,/doi/10.1145/3647722.3647732
,1821,1,/doi/10.1145/2541268.2541273
,1822,2,/profile/81384612222
,1823,1,/doi/10.1007/s10639-021-10741-7
,1824,2,/profile/99659515601
,1825,1,/doi/10.1016/j.procs.2019.11.266
,1826,2,/profile/99660180276
,1827,2,/profile/99660171025
,1828,1,/doi/10.1145/3534516
,1829,2,/profile/99660479984
,1830,2,/profile/99660055808
,1831,1,/doi/10.1145/3035918.3058729
,1832,2,/profile/99659164871
,1833,1,/doi/10.1145/2791060.2791076
,1834,2,/profile/81100273486
,1835,2,/profile/99658708907
,1836,1,/doi/10.1145/3395351.3399356
,1837,2,/profile/99659479814
,1838,1,/doi/10.14778/3648160.3648182
,1839,2,/profile/99661199066
,1840,2,/profile/99661198622
,1841,1,/doi/10.1145/3606180.3606187
,1842,2,/profile/99661021429
,1843,2,/profile/99660894389
,1844,1,/doi/10.1007/s42979-019-0017-9
,1845,1,/doi/10.1155/2016/8178417
,1846,2,/profile/81384616793
,1847,2,/profile/81343496076
,1848,1,/doi/10.1145/3513130.3558977
,1849,1,/doi/10.1145/3331558.3331565
,1850,1,/doi/10.1007/s11277-021-08082-2
,1851,2,/profile/81467669805
,1852,1,/doi/10.1007/978-3-031-54129-2_15
,1853,2,/profile/81339499344
,1854,2,/profile/99660165051
,1855,2,/profile/81100560785
,1856,1,/doi/10.1016/j.cose.2023.103355
,1857,1,/doi/10.1007/978-3-031-39841-4_6
,1858,2,/profile/81351605499
,1859,2,/profile/99660884725
,1860,2,/profile/99660978911
,1861,1,/doi/10.1016/j.future.2019.07.077
,1862,1,/doi/10.14778/3648160.3648186
,1863,2,/profile/99661199073
,1864,2,/profile/99658735057
,1865,1,/doi/10.1016/j.eswa.2023.120123
,1866,2,/profile/99660952208
,1867,2,/profile/99660159551
,1868,1,/doi/10.1504/ijbis.2019.099305
,1869,1,/doi/10.1007/s10916-018-0894-9
,1870,1,/doi/10.1007/978-3-030-67667-4_27
,1871,2,/profile/99659961327
,1872,1,/doi/10.1007/978-3-031-43815-8_24
,1873,2,/profile/81456639293
,1874,1,/doi/10.1145/3613905.3651064
,1875,2,/profile/99660826835
,1876,2,/profile/99659534599
,1877,1,/doi/10.1145/3613904.3642001
,1878,2,/profile/99660831410
,1879,2,/profile/99661216797
,1880,2,/profile/99661214936
,1881,2,/profile/99661217400
,1882,2,/profile/99661214700
,1883,2,/profile/99661211255
,1884,2,/profile/99661212137
,1885,2,/profile/99661214921
,1886,2,/profile/99661210075
,1887,2,/profile/99659916766
,1888,2,/profile/99661215382
,1889,2,/profile/99659261714
,1890,2,/profile/81100477510
,1891,2,/profile/99659261572
,1892,2,/profile/81100010147
,1893,2,/profile/99661215268
,1894,1,/doi/10.1145/2808783.2808784
,1895,2,/profile/99658672706
,1896,2,/profile/89758873557
,1897,1,/doi/10.5220/0005707701410148
,1898,2,/profile/81365593739
,1899,1,/doi/10.1109/SMC.2015.201
,1900,2,/profile/81321496430
,1901,2,/profile/99659837554
,1902,1,/doi/10.1145/2693208.2693228
,1903,2,/profile/81375600136
,1904,1,/doi/10.1109/IRI.2017.70
,1905,2,/profile/81372592216
,1906,1,/doi/10.5220/0006484102960305
,1907,1,/doi/10.5220/0006046802570264
,1908,1,/doi/10.5220/0005470305020508
,1909,2,/profile/99659058817
,1910,1,/doi/10.1109/MIS.2008.15
,1911,2,/profile/81343501612
,1912,2,/profile/81100538083
,1913,2,/profile/81100097861
,1914,1,/doi/10.1109/EMS.2009.113
,1915,2,/profile/99659863117
,1916,1,/doi/10.1007/s11276-022-03053-2
,1917,2,/profile/99659455231
,1918,2,/profile/81100046169
,1919,1,/doi/10.1007/978-3-031-09593-1_11
,1920,2,/profile/99660498915
,1921,1,/doi/10.1145/3546157.3546171
,1922,2,/profile/99660557803
,1923,1,/doi/10.1145/3388142.3388175
,1924,2,/profile/99659561849
,1925,1,/doi/10.1109/MDM.2013.95
,1926,2,/profile/81484642451
,1927,2,/profile/82458987357
,1928,1,/doi/10.1109/MDM.2013.91
,1929,2,/profile/81502807228
,1930,2,/profile/81474641209
,1931,1,/doi/10.1145/2345396.2345474
,1932,1,/doi/10.1007/s10207-023-00802-y
,1933,2,/profile/81392617280
,1934,2,/profile/99661185667
,1935,2,/profile/81472655613
,1936,1,/doi/10.1016/j.eswa.2023.122754
,1937,2,/profile/99659975930
,1938,2,/profile/81384616943
,1939,1,/doi/10.1007/s00521-022-07419-7
,1940,2,/profile/99660592002
,1941,2,/profile/99660584449
,1942,1,/doi/10.1145/3394788.3394790
,1943,1,/doi/10.4018/IJESMA.2020010103
,1944,1,/doi/10.4018/IJEA.2019070103
,1945,1,/doi/10.1007/978-3-031-10450-3_9
,1946,2,/profile/99660539157
,1947,1,/doi/10.1109/ASONAM49781.2020.9381370
,1948,1,/doi/10.1016/j.cose.2020.101939
,1949,2,/profile/81430677434
,1950,2,/profile/81100496660
,1951,2,/profile/81488652237
,1952,1,/doi/10.1016/j.procs.2019.11.007
,1953,1,/doi/10.1016/j.procs.2019.11.006
,1954,1,/doi/10.1145/3607720.3607744
,1955,2,/profile/99661049651
,1956,1,/doi/10.1109/SITIS.2014.61
,1957,2,/profile/99658673001
,1958,2,/profile/81502806703
,1959,1,/doi/10.1007/978-3-031-44137-0_2
,1960,2,/profile/99659259658
,1961,2,/profile/81100263059
,1962,1,/doi/10.1007/s10957-023-02173-9
,1963,2,/profile/99659703059
,1964,2,/profile/99660814684
,1965,2,/profile/81453626240
,1966,1,/doi/10.1016/j.ins.2021.10.003
,1967,2,/profile/99660225670
,1968,2,/profile/81385596396
,1969,1,/doi/10.1007/s11075-019-00746-2
,1970,1,/doi/10.1155/2017/3610283
,1971,2,/profile/86158670157
,1972,1,/doi/10.1109/TITS.2022.3233422
,1973,2,/profile/99659335536
,1974,2,/profile/99659235326
,1975,2,/profile/99660906926
,1976,1,/doi/10.1016/j.procs.2022.11.060
,1977,2,/profile/99660710748
,1978,2,/profile/99660708943
,1979,1,/doi/10.1145/2674558
,1980,1,/doi/10.1145/2659002
,1981,1,/doi/10.1145/2577048
,1982,1,/doi/10.1145/3583780.3614959
,1983,2,/profile/99659496577
,1984,2,/profile/99659849870
,1985,2,/profile/81504687083
,1986,1,/doi/10.1109/TKDE.2023.3248780
,1987,2,/profile/99660761626
,1988,2,/profile/99660758943
,1989,2,/profile/99661000583
,1990,2,/profile/81385598940
,1991,1,/doi/10.1145/3637989.3638014
,1992,2,/profile/99661222966
,1993,1,/doi/10.1145/3366650.3366668
,1994,2,/profile/99659488888
,1995,1,/doi/10.1145/3277104.3277119
,1996,2,/profile/99659324687
,1997,2,/profile/99659325038
,1998,2,/profile/99659274703
,1999,1,/doi/10.1109/MIC.2016.128
,2000,2,/profile/81466640713
,2001,2,/profile/81100633229
,2002,2,/profile/99659110952
,2003,1,/doi/10.1016/j.websem.2021.100687
,2004,2,/profile/81474695011
,2005,1,/doi/10.1145/3511047.3537663
,2006,2,/profile/99659989139
,2007,2,/profile/81453653570
,2008,1,/doi/10.1007/978-981-97-2242-6_27
,2009,2,/profile/99660131973
,2010,2,/profile/81100534979
,2011,2,/profile/81100154247
,2012,1,/doi/10.1145/3341105.3373996
,2013,2,/profile/99659513714
,2014,1,/doi/10.1016/j.compeleceng.2022.108195
,2015,2,/profile/99660600543
,2016,2,/profile/99659094663
,2017,1,/doi/10.1016/j.cie.2022.108313
,2018,2,/profile/99660076160
,2019,2,/profile/81440619734
,2020,1,/doi/10.1145/3647444.3647868
,2021,2,/profile/99661205762
,2022,1,/doi/10.1145/3368691.3368742
,2023,1,/doi/10.1145/3528137.3528159
,2024,2,/profile/99660382929
,2025,1,/doi/10.1145/3423390.3423394
,2026,2,/profile/99659444594
,2027,1,/doi/10.1145/3404663.3406874
,2028,2,/profile/99659552591
,2029,1,/doi/10.1145/3404663.3404664
,2030,2,/profile/99659549643
,2031,1,/doi/10.1145/3394788.3394791
,2032,2,/profile/99659535185
,2033,1,/doi/10.1145/3394788.3394789
,2034,2,/profile/99659538174
,2035,1,/doi/10.1145/3372938.3372940
,2036,2,/profile/99659490299
,2037,1,/doi/10.1145/3325917.3325927
,2038,2,/profile/99659434825
,2039,1,/doi/10.1145/3314545.3314562
,2040,2,/profile/99659362772
,2041,1,/doi/10.1145/3289100.3289130
,2042,2,/profile/99659322400
,2043,1,/doi/10.1145/3128128.3128163
,2044,1,/doi/10.1109/ICCRD.2010.137
,2045,2,/profile/81464673970
,2046,1,/doi/10.1109/ICCSN.2010.105
,2047,2,/profile/81461647919
,2048,1,/doi/10.1007/s10586-019-02919-z
,2049,2,/profile/99660037869
,2050,2,/profile/99659712560
,2051,2,/profile/81488641743
,2052,2,/profile/99659636208
,2053,1,/doi/10.1016/j.websem.2021.100700
,2054,2,/profile/99660340853
,2055,1,/doi/10.4018/IJKDB.2016070103
,2056,2,/profile/99659068111
,2057,2,/profile/99659067808
,2058,1,/doi/10.1109/TNSM.2019.2953621
,2059,2,/profile/99659086752
,2060,2,/profile/99659535747
,2061,1,/doi/10.1145/3449365.3449368
,2062,1,/doi/10.1155/2021/6626948
,2063,2,/profile/99660796759
,2064,1,/doi/10.1007/978-3-642-29347-4_62
,2065,2,/profile/81504688756
,2066,1,/doi/10.1007/978-3-642-31464-3_36
,2067,2,/profile/81100395356
,2068,1,/doi/10.1145/2884781.2896829
,2069,2,/profile/81100621729
,2070,1,/doi/10.1016/j.infsof.2023.107322
,2071,2,/profile/99658633554
,2072,1,/doi/10.1109/ICSE-Companion58688.2023.00095
,2073,2,/profile/81438595562
,2074,2,/profile/81340491470
,2075,2,/profile/83458753957
,2076,1,/doi/10.1007/978-3-030-64148-1_15
,2077,2,/profile/99659425016
,2078,2,/profile/81100050724
,2079,1,/doi/10.1016/j.csi.2016.06.002
,2080,2,/profile/81365596466
,2081,2,/profile/81474648308
,2082,1,/doi/10.1016/j.asoc.2023.111173
,2083,2,/profile/99661181904
