,id,type,link
0,1,1,/doi/10.1145/3010089.3010090
1,2,2,/profile/99659131541
2,3,2,/profile/99659058127
3,4,1,/doi/10.1145/3291801.3291822
4,5,2,/profile/99659060865
5,6,2,/profile/81500642456
6,7,2,/profile/99659342747
7,8,1,/doi/10.1145/2513591.2527071
8,9,2,/profile/81100432224
9,10,2,/profile/81100111213
10,11,2,/profile/81100314798
11,12,1,/doi/10.1145/3158352
12,13,2,/profile/81100452038
13,14,2,/profile/81100412818
14,15,2,/profile/81100607924
15,16,2,/profile/99659039589
16,17,1,/doi/10.1145/2611040.2611042
17,18,2,/profile/81100458283
18,19,1,/doi/10.1145/3010089.3010143
19,20,2,/profile/81458645145
20,21,1,/doi/10.1145/2640087.2644175
21,22,2,/profile/99659838442
22,23,1,/doi/10.1145/3090354.3090401
23,24,2,/profile/99659192088
24,25,2,/profile/99659190930
25,26,2,/profile/99659190672
26,27,1,/doi/10.1145/3647722.3647725
27,28,2,/profile/99661194829
28,29,1,/doi/10.1145/2351316.2351318
29,30,2,/profile/81319492485
30,31,2,/profile/81508702912
31,32,2,/profile/81508693709
32,33,2,/profile/81508705533
33,34,1,/doi/10.1145/3361758.3361768
34,35,2,/profile/99659483587
35,36,2,/profile/81351605289
36,37,1,/doi/10.1145/2837060.2837068
37,38,2,/profile/99659083765
38,39,2,/profile/99659084832
39,40,2,/profile/81477643309
40,41,2,/profile/99659084050
41,42,1,/doi/10.1145/2658840.2658845
42,43,2,/profile/99658632000
43,44,2,/profile/99658631194
44,45,2,/profile/99658632825
45,46,2,/profile/99658634063
46,47,2,/profile/99658632465
47,48,2,/profile/99658633056
48,49,2,/profile/99658631027
49,50,2,/profile/99658632574
50,51,2,/profile/81467663961
51,52,2,/profile/99658632107
52,53,2,/profile/99658632139
53,54,2,/profile/81408601880
54,55,1,/doi/10.1145/3195528.3195533
55,56,2,/profile/81392618108
56,57,2,/profile/99659286657
57,58,1,/doi/10.1145/3141128.3141139
58,59,2,/profile/99659119945
59,60,2,/profile/81100612679
60,61,1,/doi/10.1145/2524248.2524253
61,62,2,/profile/83458821657
62,63,1,/doi/10.1145/3010089.3017606
63,64,2,/profile/99658754451
64,65,2,/profile/81486654522
65,66,1,/doi/10.1145/3216122.3216154
66,67,2,/profile/99658739863
67,68,2,/profile/81100152856
68,69,2,/profile/81100081423
69,70,1,/doi/10.1145/3210284.3214344
70,71,2,/profile/99659490377
71,72,1,/doi/10.1145/3090354.3090376
72,73,2,/profile/99659192204
73,74,2,/profile/99659190438
74,75,2,/profile/99659190485
75,76,1,/doi/10.1145/3010089.3010127
76,77,2,/profile/99659130440
77,78,2,/profile/81496688334
78,79,2,/profile/81464650364
79,80,1,/doi/10.1145/2609876.2609890
80,81,2,/profile/81460654929
81,82,2,/profile/99658632246
82,83,2,/profile/99658630542
83,84,1,/doi/10.1145/2609876.2609889
84,85,2,/profile/99658633834
85,86,2,/profile/99658631847
86,87,2,/profile/81100632322
87,88,1,/doi/10.1145/3011286.3011307
88,89,2,/profile/81312483649
89,90,2,/profile/99658713414
90,91,2,/profile/81100223013
91,92,1,/doi/10.1145/2609876.2609887
92,93,2,/profile/99658631746
93,94,2,/profile/81100016251
94,95,1,/doi/10.1145/2656346.2656358
95,96,2,/profile/81440610963
96,97,2,/profile/81100327758
97,98,2,/profile/81339502165
98,99,1,/doi/10.1145/3172871.3172886
99,100,2,/profile/81508686293
100,101,2,/profile/81508685031
101,102,1,/doi/10.1109/CCGRID.2018.00100
102,103,2,/profile/81100103470
103,104,1,/doi/10.1145/2837060.2837076
104,105,2,/profile/81339512271
105,106,1,/doi/10.1145/3378904.3378907
106,107,2,/profile/99659515495
107,108,1,/doi/10.1145/3018896.3025151
108,109,2,/profile/99659245698
109,110,2,/profile/99659245939
110,111,1,/doi/10.1145/3289100.3289108
111,112,2,/profile/99659322306
112,113,2,/profile/81392617735
113,114,2,/profile/81100420622
114,115,1,/doi/10.1145/3505745.3505750
115,116,2,/profile/81461657509
116,117,1,/doi/10.1145/3603706
117,118,2,/profile/99660981542
118,119,2,/profile/99660977441
119,120,2,/profile/99660983316
120,121,1,/doi/10.1145/3341161.3343512
121,122,2,/profile/81485649610
122,123,2,/profile/99659497194
123,124,1,/doi/10.1145/3331651.3331659
124,125,2,/profile/81100595264
125,126,2,/profile/99659370837
126,127,1,/doi/10.1145/3341620.3341629
127,128,2,/profile/99659458372
128,129,2,/profile/99658671183
129,130,2,/profile/99659202520
130,131,1,/doi/10.1145/3564665.3564673
131,132,2,/profile/81314492879
132,133,1,/doi/10.1145/3158339
133,134,2,/profile/81444605683
134,135,1,/doi/10.1145/3158335
135,136,2,/profile/99659303788
136,137,1,/doi/10.1145/2659651.2659655
137,138,2,/profile/81443596573
138,139,2,/profile/99658660020
139,140,1,/doi/10.1145/2614512.2629588
140,141,2,/profile/60000000331
141,142,1,/doi/10.1145/3447879.3447883
142,143,2,/profile/81430639096
143,144,2,/profile/99660832137
144,145,1,/doi/10.1145/3366650.3366667
145,146,2,/profile/99659489435
146,147,2,/profile/99659274539
147,148,1,/doi/10.1145/3158337
148,149,2,/profile/81100561780
149,150,1,/doi/10.1145/3502300.3502312
150,151,2,/profile/99659998823
151,152,2,/profile/99659993867
152,153,1,/doi/10.1145/2928294.2928297
153,154,2,/profile/81487654270
154,155,2,/profile/81100485733
155,156,2,/profile/99659033346
156,157,2,/profile/81100628594
157,158,1,/doi/10.1145/3436286.3436291
158,159,2,/profile/99659669470
159,160,1,/doi/10.1145/2837060.2837116
160,161,2,/profile/81452614666
161,162,1,/doi/10.1145/2837060.2837067
162,163,2,/profile/99658756514
163,164,2,/profile/84459472557
164,165,2,/profile/81548005561
165,166,1,/doi/10.1145/2905055.2905215
166,167,2,/profile/99659067718
167,168,2,/profile/99659068185
168,169,1,/doi/10.1145/3368691.3368741
169,170,2,/profile/81438598185
170,171,2,/profile/81452617186
171,172,2,/profile/81486656468
172,173,2,/profile/99659485559
173,174,1,/doi/10.1145/3372938.3372939
174,175,2,/profile/99659490212
175,176,2,/profile/81100619933
176,177,1,/doi/10.1145/3404687.3404694
177,178,2,/profile/99659564375
178,179,2,/profile/99659564705
179,180,1,/doi/10.1145/3335484.3335534
180,181,2,/profile/99658626500
181,182,1,/doi/10.1145/2905055.2905099
182,183,2,/profile/99659068765
183,184,2,/profile/99659067845
184,185,2,/profile/99658996347
185,186,1,/doi/10.1145/3373419.3373425
186,187,2,/profile/81100427129
187,188,2,/profile/81314489922
188,189,1,/doi/10.1145/3524383.3533249
189,190,2,/profile/99660533115
190,191,2,/profile/99660532615
191,192,2,/profile/99660533597
192,193,1,/doi/10.1145/2896825.2896837
193,194,2,/profile/81407593816
194,195,2,/profile/81100391310
195,196,2,/profile/81100570389
196,197,2,/profile/82258618957
197,198,1,/doi/10.1145/3505745.3505751
198,199,1,/doi/10.1145/3102254.3102271
199,200,2,/profile/81100415437
200,201,2,/profile/99659162314
201,202,1,/doi/10.1145/3158348
202,203,2,/profile/99659287087
203,204,1,/doi/10.1145/2905055.2905194
204,205,2,/profile/81456635859
205,206,1,/doi/10.1145/3474944.3474950
206,207,2,/profile/99659311881
207,208,2,/profile/99659310215
208,209,2,/profile/99659311009
209,210,2,/profile/99659899488
210,211,2,/profile/81442613728
211,212,1,/doi/10.1145/3363459.3363533
212,213,2,/profile/99659484111
213,214,2,/profile/81100125296
214,215,1,/doi/10.1145/3627915.3629592
215,216,2,/profile/99661080237
216,217,2,/profile/99661080703
217,218,2,/profile/99661076947
218,219,2,/profile/99661081639
219,220,1,/doi/10.1145/3158350
220,221,2,/profile/81100548962
221,222,2,/profile/99659038002
222,223,2,/profile/81100129938
223,224,2,/profile/99659290940
224,225,2,/profile/81339530715
225,226,2,/profile/81100451710
226,227,2,/profile/81314480801
227,228,2,/profile/99659290532
228,229,1,/doi/10.1145/2534921.2534924
229,230,2,/profile/99659370348
230,231,2,/profile/81350589214
231,232,2,/profile/81100485218
232,233,2,/profile/87258811457
233,234,2,/profile/87259093757
234,235,2,/profile/81339541064
235,236,1,/doi/10.1145/2874239.2874256
236,237,2,/profile/81319492977
237,238,2,/profile/81100644887
238,239,1,/doi/10.1145/3409801
239,240,2,/profile/99658732459
240,241,2,/profile/99659888923
241,242,2,/profile/99658657186
242,243,1,/doi/10.1145/3328833.3328841
243,244,2,/profile/99659435329
244,245,2,/profile/99659435128
245,246,2,/profile/99659435050
246,247,2,/profile/99659435162
247,248,2,/profile/99659434988
248,249,1,/doi/10.1145/3626252.3630888
249,250,2,/profile/99658746327
250,251,1,/doi/10.1145/2640087.2644153
251,252,2,/profile/81451596653
252,253,1,/doi/10.1145/3150919.3150923
253,254,2,/profile/99659235943
254,255,2,/profile/99659235467
255,256,2,/profile/99659235959
256,257,2,/profile/99659235785
257,258,2,/profile/99659235933
258,259,2,/profile/99659235853
259,260,1,/doi/10.1145/2948992.2949024
260,261,2,/profile/81388597384
261,262,2,/profile/99659055124
262,263,1,/doi/10.1145/2781562.2781574
263,264,2,/profile/81481640588
264,265,1,/doi/10.1145/3410352.3410785
265,266,2,/profile/99659574354
266,267,2,/profile/99659574898
267,268,2,/profile/99659845171
268,269,1,/doi/10.1145/3386723.3387841
269,270,2,/profile/99659333168
270,271,2,/profile/81375603757
271,272,2,/profile/81100351082
272,273,1,/doi/10.1145/2723372.2742794
273,274,2,/profile/99658720032
274,275,2,/profile/99658720670
275,276,2,/profile/81100116352
276,277,2,/profile/99658717541
277,278,2,/profile/81548016057
278,279,2,/profile/99658680485
279,280,2,/profile/81333488189
280,281,2,/profile/81372591186
281,282,2,/profile/81558247556
282,283,1,/doi/10.1145/3010089.3010113
283,284,2,/profile/99658639623
284,285,1,/doi/10.1145/2808580.2808667
285,286,2,/profile/99658767408
286,287,2,/profile/81100208504
287,288,2,/profile/81340488592
288,289,2,/profile/99658767583
289,290,1,/doi/10.1145/3209281.3209372
290,291,2,/profile/81321490062
291,292,2,/profile/81100612830
292,293,2,/profile/81496645426
293,294,2,/profile/81100630587
294,295,1,/doi/10.1145/3132498.3132510
295,296,2,/profile/99659200250
296,297,2,/profile/99658711216
297,298,2,/profile/81350601948
298,299,1,/doi/10.1145/3264560.3264571
299,300,2,/profile/99659064849
300,301,2,/profile/81472642665
301,302,1,/doi/10.1145/2663715.2669614
302,303,1,/doi/10.1145/3383972.3384075
303,304,2,/profile/99659534209
304,305,2,/profile/99659537058
305,306,2,/profile/99659534179
306,307,1,/doi/10.1145/3312714.3312728
307,308,2,/profile/82658992257
308,309,2,/profile/99659367670
309,310,2,/profile/99659367516
310,311,1,/doi/10.1145/2609876.2609891
311,312,1,/doi/10.1145/3193077.3193079
312,313,2,/profile/99659273504
313,314,2,/profile/99659273939
314,315,1,/doi/10.1145/2479724.2479730
315,316,2,/profile/81100267691
316,317,2,/profile/81758632057
317,318,1,/doi/10.1145/3501409.3501703
318,319,2,/profile/99659940163
319,320,2,/profile/99659932983
320,321,2,/profile/99659925949
321,322,2,/profile/99659931403
322,323,2,/profile/99659936941
323,324,2,/profile/99659924666
324,325,2,/profile/99659952978
325,326,1,/doi/10.1145/2658840.2658842
326,327,2,/profile/81100571727
327,328,2,/profile/81759010757
328,329,2,/profile/81100239503
329,330,2,/profile/81350567643
330,331,1,/doi/10.1145/2640087.2644168
331,332,2,/profile/99658691085
332,333,2,/profile/81498647590
333,334,2,/profile/99658692172
334,335,2,/profile/99658690479
335,336,2,/profile/99658691353
336,337,2,/profile/81100479406
337,338,1,/doi/10.1145/3206157.3206166
338,339,2,/profile/81550025156
339,340,2,/profile/99659273786
340,341,2,/profile/99660288427
341,342,2,/profile/99659274029
342,343,2,/profile/99659273402
343,344,2,/profile/99659218486
344,345,1,/doi/10.1145/2745754.2745771
345,346,2,/profile/81452596317
346,347,2,/profile/81100234746
347,348,2,/profile/81758918657
348,349,2,/profile/81440612396
349,350,2,/profile/99658720564
350,351,1,/doi/10.1145/3297730.3297744
351,352,2,/profile/99659346311
352,353,2,/profile/99659346623
353,354,1,/doi/10.1145/2481244.2481246
354,355,2,/profile/81367591181
355,356,2,/profile/81367594869
356,357,1,/doi/10.1145/2896387.2900335
357,358,1,/doi/10.1145/2939672.2939736
358,359,2,/profile/99658706549
359,360,2,/profile/81100448343
360,361,2,/profile/99659061329
361,362,2,/profile/82858874857
362,363,1,/doi/10.1145/2640087.2644173
363,364,2,/profile/81435596449
364,365,2,/profile/99658689164
365,366,2,/profile/99658688734
366,367,2,/profile/99658692272
367,368,1,/doi/10.1145/3416921.3416943
368,369,1,/doi/10.1145/3510003.3510619
369,370,2,/profile/99659441629
370,371,2,/profile/83058835857
371,372,2,/profile/81100265774
372,373,2,/profile/81474644365
373,374,1,/doi/10.1145/3538950.3538951
374,375,2,/profile/99660526290
375,376,2,/profile/99659248150
376,377,2,/profile/99660518706
377,378,2,/profile/99660525982
378,379,2,/profile/99660529420
379,380,1,/doi/10.1145/3424978.3425010
380,381,2,/profile/99659587819
381,382,2,/profile/99659317558
382,383,2,/profile/99659588493
383,384,1,/doi/10.1145/3345252.3345282
384,385,2,/profile/81482651376
385,386,2,/profile/81350605702
386,387,2,/profile/81100286365
387,388,2,/profile/81316489671
388,389,1,/doi/10.1145/3291801.3291813
389,390,2,/profile/99659342807
390,391,2,/profile/81452603156
391,392,1,/doi/10.1145/2812428.2812441
392,393,2,/profile/99658764827
393,394,2,/profile/81548022798
394,395,1,/doi/10.1145/2447481.2447491
395,396,2,/profile/81555306456
396,397,2,/profile/81555371856
397,398,2,/profile/81554802756
398,399,2,/profile/81555129156
399,400,2,/profile/81554642056
400,401,1,/doi/10.1145/3175684.3175687
401,402,2,/profile/99659257387
402,403,2,/profile/99659256323
403,404,2,/profile/81435611476
404,405,2,/profile/81321492852
405,406,1,/doi/10.1145/3579654.3579686
406,407,2,/profile/81490663400
407,408,2,/profile/99659928737
408,409,2,/profile/99660749220
409,410,2,/profile/99660750082
410,411,1,/doi/10.1145/3183713.3183757
411,412,2,/profile/83458754857
412,413,2,/profile/81300212901
413,414,2,/profile/81100449884
414,415,2,/profile/81100556821
415,416,2,/profile/81100062835
416,417,1,/doi/10.1145/3340017.3340032
417,418,2,/profile/99658686952
418,419,2,/profile/99658678919
419,420,1,/doi/10.1145/2612733.2612762
420,421,2,/profile/81548022587
421,422,2,/profile/99658616673
422,423,1,/doi/10.1145/2609876.2609884
423,424,2,/profile/99658632076
424,425,1,/doi/10.1145/2377978.2377984
425,426,2,/profile/81549490156
426,427,2,/profile/99659669135
427,428,2,/profile/81549242456
428,429,2,/profile/81549147256
429,430,2,/profile/99659956186
430,431,1,/doi/10.1145/2609876.2609877
431,432,2,/profile/99658630689
432,433,1,/doi/10.1145/2487575.2487588
433,434,2,/profile/81100001473
434,435,2,/profile/81549159756
435,436,2,/profile/81452607023
436,437,2,/profile/81100184551
437,438,1,/doi/10.1145/2896825.2896828
438,439,2,/profile/99658672396
439,440,2,/profile/81456637025
440,441,2,/profile/81474658498
441,442,2,/profile/81409596199
442,443,2,/profile/99659025306
443,444,1,/doi/10.1145/3368691.3368717
444,445,2,/profile/99659319886
445,446,2,/profile/99659485408
446,447,2,/profile/99659485747
447,448,2,/profile/81456637051
448,449,1,/doi/10.1145/3148055.3148057
449,450,2,/profile/99659230725
450,451,2,/profile/99659229396
451,452,2,/profile/99659231879
452,453,2,/profile/81508707971
453,454,1,/doi/10.1145/2345316.2345347
454,455,2,/profile/81100126513
455,456,2,/profile/99660242450
456,457,1,/doi/10.1145/3090354.3090370
457,458,2,/profile/99659190556
458,459,2,/profile/81100021893
459,460,2,/profile/99659190166
460,461,2,/profile/99659191835
461,462,1,/doi/10.1145/3379247.3379294
462,463,2,/profile/99659509058
463,464,2,/profile/99659509381
464,465,2,/profile/99659508983
465,466,2,/profile/99659509154
466,467,2,/profile/99659508884
467,468,2,/profile/99659509063
468,469,2,/profile/99659509025
469,470,1,/doi/10.1145/3141128.3141149
470,471,1,/doi/10.1145/3627377.3627394
471,472,2,/profile/99661073593
472,473,2,/profile/99661073090
473,474,1,/doi/10.1145/3085228.3085319
474,475,2,/profile/99659174422
475,476,2,/profile/99659173623
476,477,2,/profile/99659174145
477,478,1,/doi/10.1145/3404687.3404707
478,479,2,/profile/99659315986
479,480,2,/profile/99659564828
480,481,2,/profile/99659565626
481,482,1,/doi/10.1145/3579371.3589082
482,483,2,/profile/99659635905
483,484,2,/profile/99660944313
484,485,2,/profile/99661191362
485,486,2,/profile/99661197616
486,487,2,/profile/99659471386
487,488,2,/profile/81556181756
488,489,2,/profile/81384612420
489,490,2,/profile/81100473103
490,491,2,/profile/81100282144
491,492,1,/doi/10.1145/3503928.3503929
492,493,2,/profile/99660020972
493,494,2,/profile/99660021410
494,495,2,/profile/99660020897
495,496,1,/doi/10.1145/2890602.2890619
496,497,2,/profile/81331499616
497,498,2,/profile/81375607482
498,499,2,/profile/99659034524
499,500,1,/doi/10.1145/2331042.2331058
500,501,2,/profile/81100465553
501,502,2,/profile/81350584614
502,503,1,/doi/10.1145/3019612.3019700
503,504,2,/profile/81313484459
504,505,2,/profile/81100022721
505,506,2,/profile/81322495948
506,507,1,/doi/10.1145/3474944.3474951
507,508,2,/profile/99659897281
508,509,2,/profile/99659895721
509,510,2,/profile/99659896818
510,511,2,/profile/99659898432
511,512,2,/profile/81442613884
512,513,2,/profile/99659898017
513,514,2,/profile/81100368796
514,515,1,/doi/10.1145/2660168.2660187
515,516,2,/profile/81361599140
516,517,2,/profile/99658683973
517,518,2,/profile/81339497782
518,519,2,/profile/81340488045
519,520,2,/profile/81501653645
520,521,2,/profile/81100163549
521,522,2,/profile/81556171256
522,523,2,/profile/81100441853
523,524,2,/profile/81100067593
524,525,2,/profile/81384608247
525,526,2,/profile/81100509905
526,527,2,/profile/81371594001
527,528,2,/profile/99658686686
528,529,2,/profile/81413605634
529,530,2,/profile/99658684093
530,531,1,/doi/10.1145/3474944.3474962
531,532,2,/profile/99659900747
532,533,1,/doi/10.1145/2957276.2997027
533,534,2,/profile/99659020286
534,535,1,/doi/10.1145/3564665.3564677
535,536,2,/profile/99660650261
536,537,1,/doi/10.1145/3444757.3485106
537,538,2,/profile/99659909188
538,539,2,/profile/81538360356
539,540,2,/profile/99659908695
540,541,2,/profile/81444608280
541,542,2,/profile/81100493508
542,543,2,/profile/81479661172
543,544,2,/profile/81321497471
544,545,1,/doi/10.1145/3274250.3275113
545,546,2,/profile/99659319759
546,547,2,/profile/99659321403
547,548,1,/doi/10.1145/3220199.3220220
548,549,2,/profile/99659287101
549,550,2,/profile/81100344538
550,551,2,/profile/99659286498
551,552,1,/doi/10.1145/2676536.2676538
552,553,2,/profile/99659400298
553,554,2,/profile/83358784557
554,555,2,/profile/81470651383
555,556,2,/profile/81100213103
556,557,1,/doi/10.1145/3481646.3481649
557,558,2,/profile/99659915065
558,559,2,/profile/99659915143
559,560,1,/doi/10.1145/2699414
560,561,2,/profile/81100321949
561,562,2,/profile/81100368092
562,563,1,/doi/10.1145/2745754.2745782
563,564,2,/profile/81339507945
564,565,1,/doi/10.1145/3578339.3578345
565,566,2,/profile/99660754374
566,567,2,/profile/99660750410
567,568,2,/profile/99660753253
568,569,2,/profile/99660752220
569,570,2,/profile/99660754276
570,571,1,/doi/10.1145/3438872.3439086
571,572,2,/profile/99659666274
572,573,2,/profile/99659668000
573,574,2,/profile/99659665736
574,575,1,/doi/10.1145/2247596.2247598
575,576,2,/profile/81100597598
576,577,2,/profile/81100229036
577,578,2,/profile/81375609220
578,579,1,/doi/10.1145/3437075.3437078
579,580,2,/profile/99659670014
580,581,2,/profile/99659669625
581,582,2,/profile/99659670065
582,583,1,/doi/10.1145/3404555.3404630
583,584,2,/profile/81351600973
584,585,2,/profile/99659573491
585,586,2,/profile/99659580527
586,587,2,/profile/99659573669
587,588,2,/profile/99659574874
588,589,1,/doi/10.1145/3507524.3507534
589,590,2,/profile/99660021411
590,591,2,/profile/99660021328
591,592,2,/profile/99660020362
592,593,1,/doi/10.1145/3322134.3322137
593,594,2,/profile/99659370052
594,595,1,/doi/10.1145/2837060.2837112
595,596,2,/profile/99659083871
596,597,2,/profile/81550850556
597,598,2,/profile/81472643856
598,599,2,/profile/81384614789
599,600,1,/doi/10.1145/2839509.2844651
600,601,2,/profile/81392617207
601,602,1,/doi/10.1145/3127942.3127961
602,603,2,/profile/81100269326
603,604,2,/profile/99658967453
604,605,2,/profile/81100148576
605,606,1,/doi/10.1145/3264560.3266429
606,607,1,/doi/10.1145/3006299.3006311
607,608,2,/profile/99659092815
608,609,2,/profile/99659093269
609,610,2,/profile/81100648020
610,611,2,/profile/99659092202
611,612,1,/doi/10.1145/2345316.2345328
612,613,2,/profile/81464666609
613,614,1,/doi/10.1145/2538862.2538877
614,615,2,/profile/81548005495
615,616,2,/profile/81100128298
616,617,2,/profile/81548005496
617,618,2,/profile/81548005497
618,619,1,/doi/10.1145/3323878.3325802
619,620,2,/profile/83458971957
620,621,2,/profile/99659374282
621,622,2,/profile/99659063670
622,623,2,/profile/81482659837
623,624,2,/profile/81508688489
624,625,1,/doi/10.1145/3010089.3016031
625,626,2,/profile/81479641363
626,627,1,/doi/10.1145/2479724.2479764
627,628,2,/profile/81100009957
628,629,2,/profile/81436602064
629,630,1,/doi/10.1145/2379436.2379440
630,631,2,/profile/81435604403
631,632,2,/profile/82458672657
632,633,2,/profile/81490656440
633,634,1,/doi/10.1145/2331042.2331057
634,635,1,/doi/10.1145/2693561.2693563
635,636,2,/profile/81758695357
636,637,2,/profile/81100371712
637,638,1,/doi/10.1145/3419604.3419803
638,639,2,/profile/99659651461
639,640,2,/profile/99659635631
640,641,2,/profile/87358874757
641,642,2,/profile/99659350295
642,643,1,/doi/10.1145/2588555.2610512
643,644,2,/profile/81490642386
644,645,2,/profile/81300133501
645,646,2,/profile/81501680798
646,647,2,/profile/81100261108
647,648,2,/profile/81100273472
648,649,1,/doi/10.1145/3423603.3424056
649,650,2,/profile/99659656637
650,651,2,/profile/99659657685
651,652,2,/profile/99659658539
652,653,2,/profile/99658695857
653,654,1,/doi/10.1145/3090354.3090363
654,655,2,/profile/99659191696
655,656,2,/profile/81100263071
656,657,1,/doi/10.1145/3264560.3264572
657,658,2,/author/Fathi%2C+F
658,659,2,/author/Abghour%2C+N
659,660,2,/author/Ouzzif%2C+M
660,661,1,/doi/10.1145/3141128.3141138
661,662,2,/profile/99659235270
662,663,2,/profile/81461656666
663,664,2,/profile/99658754513
664,665,2,/profile/99658722531
665,666,1,/doi/10.1145/3239438.3239485
666,667,2,/profile/99659305775
667,668,2,/profile/99659306674
668,669,2,/profile/99659306627
669,670,2,/profile/81482649620
670,671,1,/doi/10.1145/2911975
671,672,2,/profile/81367598959
672,673,1,/doi/10.1145/2983323.2983345
673,674,2,/profile/99659017927
674,675,2,/profile/99659081618
675,676,2,/profile/99659081467
676,677,2,/profile/81100501359
677,678,2,/profile/81435597134
678,679,1,/doi/10.1145/2666310.2666481
679,680,2,/profile/82258977057
680,681,2,/profile/81314488940
681,682,2,/profile/81100653443
682,683,2,/profile/81350573402
683,684,1,/doi/10.1145/2612733.2612779
684,685,1,/doi/10.1145/3456389.3456390
685,686,2,/profile/99659732084
686,687,1,/doi/10.1145/3341042.3341056
687,688,2,/profile/99659456528
688,689,2,/profile/99659456937
689,690,2,/profile/99659457121
690,691,2,/profile/99659456335
691,692,1,/doi/10.1145/3312614.3312623
692,693,2,/profile/99659274012
693,694,2,/profile/99659359564
694,695,2,/profile/99659359603
695,696,2,/profile/99659360062
696,697,2,/profile/99659360176
697,698,2,/profile/99659359772
698,699,1,/doi/10.1145/3006386.3006387
699,700,2,/profile/99658982654
700,701,2,/profile/99659087546
701,702,2,/profile/81310493072
702,703,1,/doi/10.1145/3239283.3239322
703,704,2,/profile/99659304114
704,705,2,/profile/82858661457
705,706,1,/doi/10.1109/CCGrid.2016.107
706,707,2,/profile/99659455383
707,708,1,/doi/10.1145/3134302.3134335
708,709,2,/profile/81100316248
709,710,1,/doi/10.1145/3242840.3242842
710,711,2,/profile/99659305507
711,712,2,/profile/99659306609
712,713,2,/profile/99659306428
713,714,2,/profile/99659306617
714,715,2,/profile/81557654356
715,716,1,/doi/10.1145/3335484.3335545
716,717,2,/profile/99659444515
717,718,2,/profile/81550560856
718,719,2,/profile/99659445473
719,720,1,/doi/10.1145/3290420.3290466
720,721,2,/profile/99659353070
721,722,2,/profile/81384612586
722,723,2,/profile/99659352903
723,724,1,/doi/10.1145/3195106.3195172
724,725,2,/profile/99658735411
725,726,2,/profile/99658737265
726,727,2,/profile/99659083853
727,728,1,/doi/10.1145/3129757.3129762
728,729,2,/profile/99659199432
729,730,1,/doi/10.1145/3512731.3534211
730,731,2,/profile/99659097174
731,732,2,/profile/81385593559
732,733,2,/profile/81309512803
733,734,2,/profile/99660496936
734,735,1,/doi/10.14778/2367502.2367563
735,736,2,/profile/81100129390
736,737,1,/doi/10.1145/2351316.2351322
737,738,2,/profile/81488662748
738,739,2,/profile/81339499259
739,740,1,/doi/10.1145/3106237.3117774
740,741,2,/profile/81321487812
741,742,2,/profile/99658652000
742,743,2,/profile/81336487723
743,744,2,/profile/81100333862
744,745,2,/profile/81100300026
745,746,2,/profile/81485657893
746,747,1,/doi/10.1145/3437075.3437083
747,748,2,/profile/99659671022
748,749,2,/profile/99659538212
749,750,2,/profile/99659670762
750,751,2,/profile/99659669096
751,752,1,/doi/10.1145/3063955.3063968
752,753,2,/profile/81381611215
753,754,2,/profile/99659462259
754,755,2,/profile/99659160258
755,756,2,/profile/99659161809
756,757,1,/doi/10.1145/3148055.3148068
757,758,2,/profile/99659230620
758,759,2,/profile/86158765657
759,760,2,/profile/81100465505
760,761,1,/doi/10.1145/3322134.3322149
761,762,2,/profile/99659371500
762,763,2,/profile/99659370353
763,764,2,/profile/99659370180
764,765,1,/doi/10.1145/2513190.2513198
765,766,2,/profile/81100618426
766,767,1,/doi/10.1145/2611567
767,768,2,/profile/81309509146
768,769,2,/profile/81100554717
769,770,2,/profile/81100109980
770,771,2,/profile/81350582809
771,772,2,/profile/81100290062
772,773,2,/profile/81100616904
773,774,1,/doi/10.1145/3322134.3323932
774,775,2,/profile/99659369238
775,776,2,/profile/99659370984
776,777,1,/doi/10.1145/3560107.3560310
777,778,2,/profile/99660648485
778,779,2,/profile/99659269437
779,780,2,/profile/99660649217
780,781,2,/profile/81458649687
781,782,1,/doi/10.1145/2691195.2691196
782,783,2,/profile/99658691609
783,784,1,/doi/10.1145/2463676.2463707
784,785,2,/profile/81502802104
785,786,2,/profile/81502810596
786,787,2,/profile/81548006186
787,788,1,/doi/10.1145/3305160.3305211
788,789,2,/profile/99659357479
789,790,1,/doi/10.14778/2824032.2824141
790,791,2,/profile/99658750368
791,792,1,/doi/10.1145/2928294.2928302
792,793,2,/profile/81323496638
793,794,2,/profile/99659032933
794,795,2,/profile/81372593030
795,796,2,/profile/99659033396
796,797,2,/profile/81100644228
797,798,1,/doi/10.1145/3090354.3090388
798,799,2,/profile/99659192378
799,800,2,/profile/99659192372
800,801,2,/profile/99659192429
801,802,1,/doi/10.1145/3175684.3175688
802,803,2,/profile/99659257058
803,804,2,/profile/99659257442
804,805,1,/doi/10.1145/3220199.3220200
805,806,2,/profile/99659287551
806,807,2,/profile/99659287901
807,808,1,/doi/10.1145/3419634
808,809,2,/profile/99659208244
809,810,2,/profile/81467670584
810,811,2,/profile/81100390540
811,812,1,/doi/10.1145/3291801.3291820
812,813,2,/profile/99659342374
813,814,2,/profile/99659342685
814,815,2,/profile/99659342399
815,816,1,/doi/10.1145/3010089.3010144
816,817,1,/doi/10.1145/2361999.2362038
817,818,2,/profile/81508684128
818,819,1,/doi/10.1145/3436286.3436404
819,820,2,/profile/99659669274
820,821,2,/profile/99659669244
821,822,1,/doi/10.1145/2640087.2644159
822,823,2,/profile/81384606960
823,824,2,/profile/82259239757
824,825,1,/doi/10.14778/2733004.2733015
825,826,2,/profile/99658681162
826,827,2,/profile/99659864429
827,828,2,/profile/99658676224
828,829,2,/profile/81384612017
829,830,2,/profile/81344489120
830,831,1,/doi/10.1145/3006299.3006306
831,832,2,/profile/99659092504
832,833,2,/profile/81451594998
833,834,2,/profile/81487647012
834,835,1,/doi/10.1145/3230348.3230368
835,836,2,/profile/99659306366
836,837,2,/profile/99659305143
837,838,2,/profile/99659306521
838,839,1,/doi/10.1145/2481244.2481247
839,840,2,/profile/81471640432
840,841,2,/profile/81460656206
841,842,1,/doi/10.1145/2609876.2609878
842,843,2,/profile/81311483602
843,844,1,/doi/10.1145/3010089.3010100
844,845,2,/profile/99659130803
845,846,2,/profile/81414620504
846,847,1,/doi/10.1145/2612733.2612780
847,848,1,/doi/10.1145/3389250
848,849,1,/doi/10.1145/2896825.2896834
849,850,2,/profile/99659023874
850,851,2,/profile/99659024527
851,852,2,/profile/99659024923
852,853,2,/profile/99659023434
853,854,1,/doi/10.1145/3322134.3322150
854,855,1,/doi/10.1145/3341620.3341630
855,856,2,/profile/99659458694
856,857,2,/profile/99659825580
857,858,2,/profile/99658653258
858,859,2,/profile/99659458075
859,860,1,/doi/10.14778/2367502.2367572
860,861,1,/doi/10.1145/3627377.3627400
861,862,2,/profile/99661073908
862,863,1,/doi/10.1145/3206157.3206177
863,864,2,/profile/99659274360
864,865,1,/doi/10.1145/3379247.3379298
865,866,2,/profile/99659508966
866,867,2,/profile/99659509118
867,868,1,/doi/10.1145/3565291.3565298
868,869,2,/profile/99660662935
869,870,1,/doi/10.1145/3588921
870,871,2,/profile/99659455197
871,872,2,/author/Sen%2C+Rathijit
872,873,2,/author/Horton%2C+Robert
873,874,2,/author/Agosta%2C+John+Mark
874,875,1,/doi/10.1145/3456887.3457461
875,876,2,/profile/99659733336
876,877,2,/profile/99659733032
877,878,1,/doi/10.1145/2331042.2331054
878,879,2,/profile/81408597172
879,880,2,/profile/81477642970
880,881,2,/profile/81486642059
881,882,2,/profile/81502645660
882,883,2,/profile/81467667437
883,884,1,/doi/10.1145/3474944.3474952
884,885,2,/profile/99659895669
885,886,1,/doi/10.1145/3386415.3386964
886,887,2,/profile/99659536445
887,888,2,/profile/99659535617
888,889,2,/profile/99659535934
889,890,1,/doi/10.1145/2896825.2896838
890,891,2,/profile/81557050756
891,892,2,/profile/99659024812
892,893,2,/profile/81100077635
893,894,1,/doi/10.1145/3168390.3168425
894,895,2,/profile/99659241461
895,896,2,/profile/99659241308
896,897,2,/profile/81501673276
897,898,2,/profile/99659227230
898,899,2,/profile/81435600021
899,900,1,/doi/10.1145/2743065.2743099
900,901,2,/profile/81474699140
901,902,2,/profile/99660475507
902,903,2,/profile/99658712508
903,904,1,/doi/10.1145/3277104.3277107
904,905,2,/profile/99659324729
905,906,2,/profile/99659324718
906,907,2,/profile/99659324566
907,908,1,/doi/10.1145/3003733.3003767
908,909,2,/profile/99659128696
909,910,2,/profile/81502725790
910,911,1,/doi/10.1145/3130218.3130236
911,912,2,/profile/81470652738
912,913,2,/profile/88159202057
913,914,2,/profile/99659169381
914,915,2,/profile/81436598681
915,916,2,/profile/99659202401
916,917,2,/profile/81375619449
917,918,1,/doi/10.1145/3265689.3265706
918,919,2,/profile/99661127892
919,920,1,/doi/10.1145/3348400.3348414
920,921,2,/profile/99659465595
921,922,2,/profile/81100559370
922,923,2,/profile/99658959017
923,924,1,/doi/10.1145/2351316.2351329
924,925,2,/profile/81501646172
925,926,2,/profile/81508691329
926,927,2,/profile/81458641452
927,928,2,/profile/81100054575
928,929,1,/doi/10.1145/2486227.2486231
929,930,2,/profile/81100273168
930,931,1,/doi/10.1145/3209281.3209360
931,932,2,/profile/99659273776
932,933,2,/profile/81384595734
933,934,2,/profile/81100345350
934,935,1,/doi/10.1145/2448917.2448925
935,936,2,/profile/81554602556
936,937,1,/doi/10.1145/3396956.3398253
937,938,2,/profile/99659542194
938,939,2,/profile/99659542150
939,940,2,/profile/99659542007
940,941,2,/profile/99659541836
941,942,1,/doi/10.1145/2378975.2378987
942,943,2,/profile/81544043956
943,944,2,/profile/81547238956
944,945,2,/profile/81453613299
945,946,2,/profile/81453638371
946,947,2,/profile/81453649345
947,948,2,/profile/81453606663
948,949,1,/doi/10.1145/3361525.3361545
949,950,2,/profile/99659484540
950,951,2,/profile/81331502673
951,952,2,/profile/81100248187
952,953,1,/doi/10.1145/2905055.2905202
953,954,2,/profile/99660726154
954,955,2,/profile/81488672240
955,956,2,/profile/99659068855
956,957,1,/doi/10.1145/3645279.3645293
957,958,2,/profile/99661199731
958,959,2,/profile/99661199286
959,960,2,/profile/99661198347
960,961,1,/doi/10.1145/2896825.2896835
961,962,2,/profile/99658737585
962,963,2,/profile/99659023452
963,964,2,/profile/81488646345
964,965,2,/profile/81100189933
965,966,1,/doi/10.1145/2791347.2791380
966,967,2,/profile/81482662250
967,968,2,/profile/81350594201
968,969,2,/profile/81100377273
969,970,1,/doi/10.1145/3301551.3301566
970,971,2,/profile/99659354988
971,972,2,/profile/99659355105
972,973,2,/profile/99659354977
973,974,1,/doi/10.1145/3387168.3387220
974,975,2,/profile/99659532806
975,976,1,/doi/10.1145/2680821.2680824
976,977,2,/profile/99658661873
977,978,2,/profile/81100174027
978,979,2,/profile/81312484665
979,980,1,/doi/10.1145/3105831.3105841
980,981,1,/doi/10.1145/3264560.3266428
981,982,2,/profile/99658725375
982,983,2,/profile/99659310074
983,984,1,/doi/10.1145/3041021.3053063
984,985,2,/profile/99659154324
985,986,2,/profile/81100146384
986,987,1,/doi/10.1145/3338906.3338939
987,988,2,/profile/81470653947
988,989,2,/profile/81326490426
989,990,1,/doi/10.1145/2389686.2389688
990,991,2,/profile/81488671140
991,992,2,/profile/81100590819
992,993,1,/doi/10.1145/3443467.3443749
993,994,2,/profile/99659675378
994,995,2,/profile/99659675306
995,996,2,/profile/81548040762
996,997,1,/doi/10.1145/2351316.2351323
997,998,2,/profile/99659670539
998,999,2,/profile/81502681485
999,1000,2,/profile/81481648726
1000,1001,2,/profile/81508703817
1001,1002,2,/profile/99659387970
1002,1003,2,/profile/99660049527
1003,1004,1,/doi/10.14778/2735461.2735465
1004,1005,2,/profile/81100438965
1005,1006,2,/profile/81350579639
1006,1007,2,/profile/81388593665
1007,1008,2,/profile/81100082301
1008,1009,2,/profile/81319503368
1009,1010,2,/profile/81100001867
1010,1011,2,/profile/81100183042
1011,1012,1,/doi/10.1109/CCGrid.2015.85
1012,1013,2,/profile/84460560557
1013,1014,2,/profile/81100418166
1014,1015,1,/doi/10.1145/2612733.2619954
1015,1016,2,/profile/99658614082
1016,1017,2,/profile/81384590951
1017,1018,1,/doi/10.1145/3291801.3291827
1018,1019,2,/profile/99659319479
1019,1020,2,/profile/99659318632
1020,1021,2,/profile/99659314196
1021,1022,2,/profile/99659318819
1022,1023,2,/profile/99659342631
1023,1024,1,/doi/10.1145/3372454.3372469
1024,1025,2,/profile/99659471621
1025,1026,2,/profile/99659471203
1026,1027,2,/profile/81414597011
1027,1028,1,/doi/10.1145/3148055.3148060
1028,1029,2,/profile/99659231107
1029,1030,2,/profile/81508707816
1030,1031,2,/profile/99659232152
1031,1032,2,/profile/81472651758
1032,1033,2,/profile/81100378023
1033,1034,1,/doi/10.1145/2812428.2812429
1034,1035,2,/profile/81552498456
1035,1036,1,/doi/10.1145/3338840.3355683
1036,1037,2,/profile/99659481194
1037,1038,2,/profile/81453623703
1038,1039,2,/profile/81100191436
1039,1040,2,/profile/99659652094
1040,1041,1,/doi/10.1145/3352700.3352709
1041,1042,2,/profile/99659460667
1042,1043,2,/profile/82658966857
1043,1044,1,/doi/10.1145/2594538.2594551
1044,1045,2,/profile/81100307839
1045,1046,1,/doi/10.1145/3358528.3359551
1046,1047,2,/profile/99659473959
1047,1048,2,/profile/81384615537
1048,1049,2,/profile/99659473673
1049,1050,2,/profile/99659335073
1050,1051,1,/doi/10.1145/3158341
1051,1052,2,/profile/81321497028
1052,1053,1,/doi/10.1145/3265689.3265721
1053,1054,2,/profile/99659315984
1054,1055,2,/profile/81339507278
1055,1056,2,/profile/81474685631
1056,1057,2,/profile/99658750190
1057,1058,2,/profile/99659316600
1058,1059,1,/doi/10.1145/3656766.3656946
1059,1060,2,/author/Zhou%2C+Zhanpeng
1060,1061,2,/author/Wei%2C+Zhe
1061,1062,2,/author/Wang%2C+Fang
1062,1063,1,/doi/10.1145/2351316.2351320
1063,1064,2,/profile/81488648178
1064,1065,2,/profile/81329490243
1065,1066,2,/profile/81372592212
1066,1067,1,/doi/10.1145/3297730.3297743
1067,1068,2,/profile/99659347462
1068,1069,2,/profile/99659346750
1069,1070,2,/profile/99659346883
1070,1071,1,/doi/10.1145/2903150.2908078
1071,1072,2,/profile/81351609124
1072,1073,1,/doi/10.1145/3369555.3369573
1073,1074,2,/profile/99659492945
1074,1075,2,/profile/88159421857
1075,1076,2,/profile/99659493156
1076,1077,2,/profile/99659492517
1077,1078,1,/doi/10.1145/3492324.3494169
1078,1079,2,/profile/99659954612
1079,1080,2,/profile/99659960103
1080,1081,2,/profile/99659959886
1081,1082,1,/doi/10.1145/3565387.3565402
1082,1083,2,/profile/99660654661
1083,1084,2,/profile/99660652536
1084,1085,2,/profile/99660656838
1085,1086,1,/doi/10.1145/2970276.2970325
1086,1087,2,/profile/99659067839
1087,1088,2,/profile/81100482180
1088,1089,2,/profile/99659068345
1089,1090,2,/profile/99659067398
1090,1091,2,/profile/99659067742
1091,1092,1,/doi/10.1145/3341620.3341622
1092,1093,2,/profile/81548811556
1093,1094,2,/profile/99659458612
1094,1095,2,/profile/99659458799
1095,1096,1,/doi/10.1145/2644866.2644870
1096,1097,2,/profile/99658657632
1097,1098,2,/profile/84459227357
1098,1099,1,/doi/10.1145/3538950.3538954
1099,1100,2,/profile/99660516595
1100,1101,2,/profile/99660518990
1101,1102,2,/profile/99660527158
1102,1103,1,/doi/10.1145/3450287
1103,1104,2,/profile/82658652657
1104,1105,1,/doi/10.1145/3206157.3206167
1105,1106,2,/profile/99659051860
1106,1107,2,/profile/99659019446
1107,1108,1,/doi/10.1145/3358505.3358512
1108,1109,2,/profile/81321491248
1109,1110,1,/doi/10.1145/3372454.3372478
1110,1111,2,/profile/99659492653
1111,1112,2,/profile/81100451130
1112,1113,1,/doi/10.1145/3281022.3281026
1113,1114,2,/profile/81100087741
1114,1115,2,/profile/81100556370
1115,1116,2,/profile/81100241494
1116,1117,2,/profile/99659315151
1117,1118,2,/profile/81100286659
1118,1119,1,/doi/10.1145/2968219.2968282
1119,1120,2,/profile/99658647511
1120,1121,2,/profile/99658649046
1121,1122,2,/profile/81100609541
1122,1123,2,/profile/81323495800
1123,1124,1,/doi/10.1145/3006386.3006391
1124,1125,2,/profile/81332529222
1125,1126,2,/profile/99658636048
1126,1127,2,/profile/88159278657
1127,1128,2,/profile/99659086952
1128,1129,1,/doi/10.1145/3231830.3231840
1129,1130,2,/profile/81322497344
1130,1131,2,/profile/99659320999
1131,1132,2,/profile/81502731089
1132,1133,2,/profile/99659320483
1133,1134,1,/doi/10.1145/2345316.2345320
1134,1135,2,/profile/81100507523
1135,1136,1,/doi/10.1145/3154943.3154946
1136,1137,2,/profile/99659343931
1137,1138,2,/profile/99659344605
1138,1139,2,/profile/99659246811
1139,1140,1,/doi/10.1145/3341620.3341635
1140,1141,2,/profile/99659459031
1141,1142,2,/profile/99659458209
1142,1143,2,/profile/99659458215
1143,1144,2,/profile/99659458547
1144,1145,1,/doi/10.1145/3299869.3320240
1145,1146,2,/profile/99659440072
1146,1147,2,/profile/99659439853
1147,1148,2,/profile/81100325947
1148,1149,2,/profile/81100276884
1149,1150,1,/doi/10.1145/3627377.3627395
1150,1151,2,/profile/99661074380
1151,1152,2,/profile/99661074604
1152,1153,2,/profile/99661072730
1153,1154,2,/profile/99661074621
1154,1155,2,/profile/99661073630
1155,1156,2,/profile/99661073940
1156,1157,2,/profile/99661073768
1157,1158,1,/doi/10.1145/3490322.3490346
1158,1159,2,/profile/99659922928
1159,1160,2,/profile/99659923329
1160,1161,2,/profile/99659922873
1161,1162,2,/profile/99659923442
1162,1163,2,/profile/99659923272
1163,1164,1,/doi/10.1145/2640087.2644170
1164,1165,2,/profile/81442599651
1165,1166,2,/profile/81453623865
1166,1167,1,/doi/10.1145/3415958.3433082
1167,1168,2,/profile/99659649272
1168,1169,1,/doi/10.1145/3175684.3175730
1169,1170,1,/doi/10.1145/2491894.2466485
1170,1171,2,/profile/81312482292
1171,1172,2,/profile/81350590981
1172,1173,1,/doi/10.1145/3097983.3098179
1173,1174,2,/profile/99659193184
1174,1175,2,/profile/89758945157
1175,1176,2,/profile/99659193218
1176,1177,1,/doi/10.1145/3421537.3421542
1177,1178,2,/profile/99659583551
1178,1179,1,/doi/10.1145/3209415.3209479
1179,1180,2,/profile/99659034071
1180,1181,1,/doi/10.14778/2367502.2367562
1181,1182,2,/profile/81100532158
1182,1183,2,/profile/81548006166
1183,1184,1,/doi/10.1145/3528114.3528119
1184,1185,2,/profile/99660147937
1185,1186,2,/profile/99660139165
1186,1187,2,/profile/99660109431
1187,1188,1,/doi/10.1145/3178315.3178323
1188,1189,1,/doi/10.1145/3404687.3404708
1189,1190,2,/profile/99659567217
1190,1191,2,/profile/99659564751
1191,1192,1,/doi/10.1145/2464157.2466485
1192,1193,1,/doi/10.1145/3132747.3132773
1193,1194,2,/profile/81551492056
1194,1195,2,/profile/81100661664
1195,1196,2,/profile/81384603991
1196,1197,2,/profile/87258849357
1197,1198,1,/doi/10.1145/2623330.2623615
1198,1199,2,/profile/81100039746
1199,1200,2,/profile/81100489302
1200,1201,1,/doi/10.1145/2345316.2345322
1201,1202,2,/profile/81508698406
1202,1203,1,/doi/10.1145/3447568.3448553
1203,1204,2,/profile/99659689731
1204,1205,2,/profile/99659547218
1205,1206,1,/doi/10.1145/3221269.3221294
1206,1207,2,/profile/81100524056
1207,1208,2,/profile/99659282388
1208,1209,2,/profile/81436602354
1209,1210,2,/profile/99659283566
1210,1211,2,/profile/81100309914
1211,1212,2,/profile/81100290016
1212,1213,1,/doi/10.1145/3402569.3409038
1213,1214,2,/profile/81440620835
1214,1215,2,/profile/99659575808
1215,1216,1,/doi/10.1145/3422713.3422738
1216,1217,2,/profile/99659613258
1217,1218,2,/profile/99659613394
1218,1219,2,/profile/99659601418
1219,1220,2,/profile/99659607814
1220,1221,1,/doi/10.1145/3299819.3299841
1221,1222,2,/profile/99659354639
1222,1223,2,/profile/99659354789
1223,1224,2,/profile/81549860456
1224,1225,2,/profile/99659200240
1225,1226,1,/doi/10.1145/2664591.2664619
1226,1227,2,/profile/99658638442
1227,1228,2,/profile/81100450199
1228,1229,2,/profile/81100353313
1229,1230,1,/doi/10.1145/3220228.3220236
1230,1231,2,/profile/81387604056
1231,1232,2,/profile/99659301616
1232,1233,1,/doi/10.1145/3206157.3206160
1233,1234,2,/profile/99658959337
1234,1235,2,/profile/99659274218
1235,1236,1,/doi/10.1145/2345316.2345329
1236,1237,2,/profile/81466641180
1237,1238,1,/doi/10.1145/3368691.3368713
1238,1239,2,/profile/99659320125
1239,1240,2,/profile/81100571622
1240,1241,2,/author/Zhao%2C+Yan
1241,1242,2,/author/Zhang%2C+Weidong
1242,1243,2,/author/Huang%2C+Rong
1243,1244,1,/doi/10.1145/3141128.3141143
1244,1245,2,/profile/99659235322
1245,1246,2,/profile/81100441182
1246,1247,2,/profile/99659247145
1247,1248,1,/doi/10.1145/3546632.3546889
1248,1249,2,/profile/99660564262
1249,1250,2,/profile/99660564566
1250,1251,1,/doi/10.1145/3472163.3472195
1251,1252,2,/profile/81384611887
1252,1253,2,/profile/99660960095
1253,1254,1,/doi/10.1145/3406601.3406628
1254,1255,2,/profile/99659006305
1255,1256,1,/doi/10.1145/3440084.3441210
1256,1257,2,/profile/99659676114
1257,1258,2,/profile/99659676102
1258,1259,2,/profile/99659676711
1259,1260,2,/profile/99659676653
1260,1261,2,/profile/99659676775
1261,1262,1,/doi/10.1145/3507524.3507533
1262,1263,2,/profile/99660019858
1263,1264,2,/profile/99660020246
1264,1265,2,/profile/99660020890
1265,1266,1,/doi/10.1145/3341620.3341637
1266,1267,2,/profile/99659458295
1267,1268,2,/profile/99661121954
1268,1269,2,/profile/99661115013
1269,1270,1,/doi/10.1145/3297730.3297731
1270,1271,2,/profile/99659234493
1271,1272,1,/doi/10.1145/3423603.3424049
1272,1273,2,/profile/99659658992
1273,1274,2,/profile/81486655077
1274,1275,2,/profile/81100214807
1275,1276,1,/doi/10.1145/2783258.2783372
1276,1277,2,/profile/81479663507
1277,1278,2,/profile/81414611234
1278,1279,2,/profile/81100345733
1279,1280,2,/profile/81100151066
1280,1281,1,/doi/10.1145/2025528.2025537
1281,1282,2,/profile/81100345201
1282,1283,2,/profile/81100047223
1283,1284,1,/doi/10.1145/3220199.3220221
1284,1285,2,/profile/99658766190
1285,1286,2,/profile/99659287955
1286,1287,2,/profile/99659286641
1287,1288,2,/profile/99659286558
1288,1289,2,/profile/99659284361
1289,1290,1,/doi/10.1145/3378904.3378923
1290,1291,2,/profile/99659210365
1291,1292,2,/profile/99659210448
1292,1293,2,/profile/99659297818
1293,1294,1,/doi/10.1145/3651623.3651625
1294,1295,2,/profile/99660989081
1295,1296,1,/doi/10.1145/3358528.3358581
1296,1297,2,/profile/99659628350
1297,1298,2,/profile/99659560539
1298,1299,1,/doi/10.1145/3396452.3396464
1299,1300,2,/profile/99659532113
1300,1301,2,/profile/99659532924
1301,1302,1,/doi/10.1145/3436829.3436838
1302,1303,2,/profile/99659670034
1303,1304,2,/profile/99659670500
1304,1305,2,/profile/99659670488
1305,1306,1,/doi/10.1145/3564665.3564674
1306,1307,2,/profile/99660650358
1307,1308,1,/doi/10.1145/2258056.2258058
1308,1309,2,/profile/81100610476
1309,1310,2,/profile/81474698743
1310,1311,2,/profile/81472645927
1311,1312,2,/profile/81472644588
1312,1313,1,/doi/10.1145/3412497
1313,1314,2,/profile/81339521553
1314,1315,2,/profile/99659633094
1315,1316,2,/profile/99659651357
1316,1317,2,/profile/99659184417
1317,1318,2,/profile/99659631313
1318,1319,2,/profile/99659648301
1319,1320,1,/doi/10.1145/3656766.3656925
1320,1321,2,/author/Han%2C+Ruiqi
1321,1322,1,/doi/10.1145/3603955.3603960
1322,1323,2,/profile/99659886217
1323,1324,2,/profile/99659731366
1324,1325,2,/profile/99660982080
1325,1326,2,/profile/99660979779
1326,1327,2,/profile/99659832329
1327,1328,1,/doi/10.1145/3206157.3206184
1328,1329,2,/profile/99659273780
1329,1330,1,/doi/10.1145/3569966.3571271
1330,1331,2,/profile/99660663891
1331,1332,2,/profile/99660662305
1332,1333,2,/profile/99660663543
1333,1334,1,/doi/10.14778/2824032.2824067
1334,1335,2,/profile/99658753564
1335,1336,2,/profile/81453629903
1336,1337,2,/profile/99658753572
1337,1338,2,/profile/81350582990
1338,1339,2,/profile/81336489541
1339,1340,1,/doi/10.1145/3374587.3374650
1340,1341,2,/profile/99659509023
1341,1342,2,/profile/99659508905
1342,1343,2,/profile/99659509255
1343,1344,1,/doi/10.1145/3501409.3501593
1344,1345,2,/profile/99659943243
1345,1346,1,/doi/10.1145/3206157.3206163
1346,1347,2,/profile/99659274389
1347,1348,2,/profile/99659273969
1348,1349,2,/profile/99659273560
1349,1350,2,/profile/99659273685
1350,1351,1,/doi/10.1145/3645279.3645297
1351,1352,2,/profile/99661199475
1352,1353,2,/profile/99661198975
1353,1354,1,/doi/10.1145/3565291.3565294
1354,1355,2,/profile/99660662820
1355,1356,2,/profile/99660663737
1356,1357,2,/profile/81490648449
1357,1358,1,/doi/10.1145/3335656.3335688
1358,1359,2,/profile/99659441846
1359,1360,1,/doi/10.1145/2935753
1360,1361,2,/profile/81309487149
1361,1362,2,/profile/81482652677
1362,1363,1,/doi/10.1145/3411681.3412951
1363,1364,2,/profile/99659575602
1364,1365,2,/profile/99659574254
1365,1366,2,/profile/99659575640
1366,1367,2,/profile/99659576028
1367,1368,2,/profile/99659575897
1368,1369,2,/profile/99659576032
1369,1370,1,/doi/10.1145/2744700.2744705
1370,1371,2,/profile/81418593295
1371,1372,1,/doi/10.1145/3451400.3451411
1372,1373,2,/profile/99659689591
1373,1374,1,/doi/10.1145/3451400.3451412
1374,1375,2,/profile/99659762457
1375,1376,1,/doi/10.1145/3590837.3590938
1376,1377,2,/profile/99660887557
1377,1378,2,/profile/99660884520
1378,1379,1,/doi/10.1145/2168931.2168932
1379,1380,2,/profile/81100283877
1380,1381,2,/profile/81100118833
1381,1382,1,/doi/10.1145/3358505.3358519
1382,1383,1,/doi/10.1145/2429376.2429382
1383,1384,2,/profile/81100077236
1384,1385,2,/profile/81361601201
1385,1386,1,/doi/10.1145/3555962.3555969
1386,1387,2,/profile/99659472227
1387,1388,2,/profile/99659582520
1388,1389,2,/profile/81350582835
1389,1390,2,/profile/99659472182
1390,1391,1,/doi/10.1145/3314074.3314097
1391,1392,2,/profile/99659357766
1392,1393,2,/profile/99659357585
1393,1394,1,/doi/10.1145/3448734.3450838
1394,1395,2,/profile/99659704351
1395,1396,1,/doi/10.1145/3659211.3659290
1396,1397,2,/profile/99661224664
1397,1398,2,/profile/99661219487
1398,1399,1,/doi/10.1145/2976744
1399,1400,2,/profile/81460649624
1400,1401,2,/profile/81452596585
1401,1402,2,/profile/81408597754
1402,1403,2,/profile/81100323054
1403,1404,1,/doi/10.1109/CCGrid.2015.138
1404,1405,2,/profile/99658659385
1405,1406,2,/profile/81472653313
1406,1407,2,/profile/81100315534
1407,1408,1,/doi/10.1145/3289402.3289525
1408,1409,2,/profile/99659350431
1409,1410,2,/profile/86158982657
1410,1411,2,/profile/81453652003
1411,1412,1,/doi/10.1145/3564665.3564668
1412,1413,2,/profile/99660651074
1413,1414,2,/profile/99660650707
1414,1415,2,/profile/99660649927
1415,1416,1,/doi/10.1145/3656766.3656938
1416,1417,2,/author/Lan%2C+Yanling
1417,1418,2,/author/Liu%2C+Sihang
1418,1419,1,/doi/10.1145/3158344
1419,1420,2,/profile/99659250548
1420,1421,2,/profile/81100393716
1421,1422,1,/doi/10.1145/2641398
1422,1423,2,/profile/81100569516
1423,1424,2,/profile/60000000463
1424,1425,1,/doi/10.1145/3565291.3565292
1425,1426,2,/profile/99660663708
1426,1427,2,/profile/99660662825
1427,1428,2,/profile/99660663660
1428,1429,2,/profile/99660662096
1429,1430,2,/profile/99660661501
1430,1431,1,/doi/10.1145/3291801.3291837
1431,1432,2,/profile/99659343226
1432,1433,2,/profile/99659343332
1433,1434,2,/profile/99659342522
1434,1435,2,/profile/99659342526
1435,1436,2,/profile/81464666657
1436,1437,1,/doi/10.14778/2733004.2733045
1437,1438,2,/profile/99658683098
1438,1439,1,/doi/10.1145/2818869.2818884
1439,1440,2,/profile/81498655257
1440,1441,2,/profile/99658756637
1441,1442,1,/doi/10.1145/3220199.3220205
1442,1443,2,/profile/99659287129
1443,1444,2,/profile/99659287327
1444,1445,2,/profile/81100664535
1445,1446,1,/doi/10.1109/CCGrid.2013.53
1446,1447,2,/profile/81453659331
1447,1448,2,/profile/81314482978
1448,1449,1,/doi/10.1145/3608218.3608236
1449,1450,2,/profile/99660987854
1450,1451,2,/profile/99660987295
1451,1452,1,/doi/10.1145/3085228.3085275
1452,1453,2,/profile/81453648811
1453,1454,2,/profile/81100599790
1454,1455,1,/doi/10.1145/3220228.3220238
1455,1456,2,/profile/99659185570
1456,1457,2,/profile/99659302083
1457,1458,2,/profile/99659303617
1458,1459,2,/profile/99659302995
1459,1460,2,/profile/99659303472
1460,1461,2,/profile/81100238147
1461,1462,1,/doi/10.1145/3299869.3319898
1462,1463,2,/profile/84460747357
1463,1464,2,/profile/99659184565
1464,1465,2,/profile/81453657014
1465,1466,1,/doi/10.1145/3224207.3224220
1466,1467,2,/profile/81444592243
1467,1468,2,/profile/99659305902
1468,1469,2,/profile/99658672868
1469,1470,2,/profile/81408600293
1470,1471,2,/profile/99659306619
1471,1472,2,/profile/81549546356
1472,1473,1,/doi/10.1145/3424978.3425001
1473,1474,2,/profile/99659587850
1474,1475,2,/profile/99659587485
1475,1476,1,/doi/10.1145/3468920.3468923
1476,1477,2,/profile/99659852357
1477,1478,2,/profile/99659863282
1478,1479,1,/doi/10.1145/3274005.3274015
1479,1480,1,/doi/10.1145/3378936.3378957
1480,1481,2,/profile/99659509446
1481,1482,2,/profile/99659509112
1482,1483,2,/profile/99659508885
1483,1484,2,/profile/99659508737
1484,1485,1,/doi/10.1145/2640087.2644194
1485,1486,2,/profile/81317492043
1486,1487,1,/doi/10.1145/3207677.3278000
1487,1488,2,/profile/99659317903
1488,1489,2,/profile/99659316750
1489,1490,1,/doi/10.1145/3386723.3387826
1490,1491,2,/profile/99659532689
1491,1492,2,/profile/99659076796
1492,1493,1,/doi/10.1145/3624288.3624293
1493,1494,2,/profile/99660017483
1494,1495,2,/profile/99661076549
1495,1496,2,/profile/99661078267
1496,1497,2,/profile/99661080980
1497,1498,2,/profile/99660018200
1498,1499,2,/profile/99660975178
1499,1500,1,/doi/10.1145/3407947.3407977
1500,1501,2,/profile/99659565808
1501,1502,2,/profile/81548007387
1502,1503,2,/profile/81343509070
1503,1504,1,/doi/10.1145/2743065.2743110
1504,1505,2,/profile/99658710321
1505,1506,2,/profile/99658710200
1506,1507,2,/profile/99660655147
1507,1508,1,/doi/10.1145/3399205.3399225
1508,1509,2,/profile/99659539312
1509,1510,2,/profile/99659539398
1510,1511,2,/profile/99659539084
1511,1512,1,/doi/10.1145/3587716.3587752
1512,1513,2,/profile/99661000124
1513,1514,2,/profile/99661000088
1514,1515,2,/profile/99660994022
1515,1516,2,/profile/99660998570
1516,1517,2,/profile/99660993990
1517,1518,1,/doi/10.1145/3448734.3450843
1518,1519,2,/profile/99659664425
1519,1520,2,/profile/99659719167
1520,1521,1,/doi/10.1145/2694730.2694732
1521,1522,2,/profile/99658686253
1522,1523,2,/profile/81100482547
1523,1524,1,/doi/10.1145/2771299
1524,1525,2,/profile/81375591092
1525,1526,1,/doi/10.1145/2331042.2331061
1526,1527,2,/profile/81310503018
1527,1528,1,/doi/10.1145/3130983
1528,1529,2,/profile/81450594244
1529,1530,2,/profile/99658744251
1530,1531,2,/profile/84459186457
1531,1532,2,/profile/99659201255
1532,1533,2,/profile/99659200232
1533,1534,2,/profile/99660685968
1534,1535,2,/profile/99659259394
1535,1536,1,/doi/10.1145/3299887.3299892
1536,1537,2,/profile/81100572340
1537,1538,2,/profile/83058625757
1538,1539,2,/profile/81418592892
1539,1540,2,/profile/81331503135
1540,1541,2,/profile/99659331990
1541,1542,1,/doi/10.1145/3289430.3289469
1542,1543,2,/profile/99659327041
1543,1544,2,/profile/99659327330
1544,1545,2,/profile/99659326872
1545,1546,1,/doi/10.1145/2168931.2168943
1546,1547,2,/profile/81309487122
1547,1548,2,/profile/81350602833
1548,1549,2,/profile/81100280834
1549,1550,2,/profile/81100090466
1550,1551,1,/doi/10.1145/3448748.3448749
1551,1552,2,/profile/99659690190
1552,1553,1,/doi/10.1145/2640087.2644162
1553,1554,1,/doi/10.14778/3007263.3007324
1554,1555,2,/profile/81100294250
1555,1556,1,/doi/10.1145/3371158.3371161
1556,1557,2,/profile/99659083607
1557,1558,2,/profile/81490687814
1558,1559,1,/doi/10.1145/3524383.3524423
1559,1560,2,/profile/99660239673
1560,1561,2,/profile/99660532699
1561,1562,2,/profile/99660533275
1562,1563,2,/profile/99660233867
1563,1564,1,/doi/10.1145/3386723.3387886
1564,1565,2,/profile/99659487947
1565,1566,2,/profile/99659373783
1566,1567,2,/profile/99659487943
1567,1568,1,/doi/10.1145/3481646.3481647
1568,1569,2,/profile/81100551680
1569,1570,1,/doi/10.1145/3508259.3508284
1570,1571,2,/profile/99660049756
1571,1572,2,/profile/99660050155
1572,1573,2,/profile/99660049452
1573,1574,1,/doi/10.1145/3022227.3022232
1574,1575,2,/profile/99659129254
1575,1576,2,/profile/99659128069
1576,1577,2,/profile/81464650033
1577,1578,2,/profile/81548010166
1578,1579,1,/doi/10.1145/3582935.3583052
1579,1580,2,/profile/99660772837
1580,1581,2,/profile/99660776018
1581,1582,2,/profile/99660776415
1582,1583,2,/profile/99660773059
1583,1584,1,/doi/10.1145/3318464.3389770
1584,1585,2,/profile/99659539081
1585,1586,2,/profile/81314493435
1586,1587,2,/profile/99660008552
1587,1588,2,/profile/99659503540
1588,1589,2,/profile/81361599316
1589,1590,2,/profile/81100626540
1590,1591,2,/profile/81100197170
1591,1592,1,/doi/10.1145/2642937.2643006
1592,1593,2,/profile/99658635947
1593,1594,2,/profile/99658637181
1594,1595,1,/doi/10.1145/2647908.2655958
1595,1596,2,/profile/81100228058
1596,1597,2,/profile/81320494442
1597,1598,1,/doi/10.1145/3076113.3076115
1598,1599,2,/profile/81758808457
1599,1600,2,/profile/81440621048
1600,1601,2,/profile/99659162413
1601,1602,2,/profile/81310482402
1602,1603,2,/profile/81100335067
1603,1604,1,/doi/10.1145/2524224.2524227
1604,1605,2,/profile/81508706788
1605,1606,2,/profile/81100213708
1606,1607,2,/profile/81100641846
1607,1608,2,/profile/81344496310
1608,1609,1,/doi/10.1145/3341161.3343518
1609,1610,2,/profile/81493658593
1610,1611,1,/doi/10.1145/3573428.3573647
1611,1612,2,/profile/99660757732
1612,1613,1,/doi/10.1145/3056662.3056667
1613,1614,2,/profile/99658689913
1614,1615,2,/profile/99659568191
1615,1616,2,/profile/81502695764
1616,1617,1,/doi/10.1145/3589860.3589880
1617,1618,2,/profile/99660998535
1618,1619,2,/profile/99661000116
1619,1620,2,/profile/99660998219
1620,1621,2,/profile/99660331415
1621,1622,2,/profile/99660496772
1622,1623,1,/doi/10.1145/3234664.3234677
1623,1624,2,/profile/99659316536
1624,1625,2,/profile/99659318098
1625,1626,1,/doi/10.1145/3151759.3151780
1626,1627,2,/profile/99659235791
1627,1628,2,/profile/81508706259
1628,1629,2,/profile/87259271857
1629,1630,1,/doi/10.1145/3331453.3361308
1630,1631,2,/profile/99659473642
1631,1632,2,/profile/99659473751
1632,1633,2,/profile/99659475523
1633,1634,2,/profile/99659475767
1634,1635,1,/doi/10.1145/3014812.3014869
1635,1636,2,/profile/81453606282
1636,1637,2,/profile/83358640457
1637,1638,2,/profile/99658760125
1638,1639,2,/profile/99659097642
1639,1640,2,/profile/99659097396
1640,1641,1,/doi/10.1145/2967938.2967957
1641,1642,2,/profile/81502655810
1642,1643,2,/profile/99659068420
1643,1644,2,/profile/99659515425
1644,1645,2,/profile/81455605293
1645,1646,2,/profile/81464663836
1646,1647,2,/profile/81474673891
1647,1648,1,/doi/10.1145/3368756.3369080
1648,1649,1,/doi/10.1145/3551708.3551726
1649,1650,2,/profile/99659583362
1650,1651,1,/doi/10.1145/2675743.2771878
1651,1652,2,/profile/99658725801
1652,1653,1,/doi/10.1145/3089251.3089252
1653,1654,2,/profile/81392612716
1654,1655,2,/profile/81100114740
1655,1656,1,/doi/10.1145/2968456.2976765
1656,1657,2,/profile/99658717037
1657,1658,2,/profile/81444606865
1658,1659,1,/doi/10.1145/3524383.3524442
1659,1660,2,/profile/99660533330
1660,1661,2,/profile/99660533075
1661,1662,2,/profile/99660487062
1662,1663,1,/doi/10.1145/3377571.3377600
1663,1664,2,/profile/99659527398
1664,1665,1,/doi/10.1145/2611286.2611311
1665,1666,2,/profile/81503689583
1666,1667,2,/profile/81482656833
1667,1668,2,/profile/81486646950
1668,1669,2,/profile/89558852957
1669,1670,1,/doi/10.1145/2851141.2851187
1670,1671,2,/profile/99658619857
1671,1672,2,/profile/81556502656
1672,1673,2,/profile/81100577962
1673,1674,2,/profile/99658732158
1674,1675,2,/profile/81100464692
1675,1676,1,/doi/10.1145/2939502.2939518
1676,1677,1,/doi/10.1145/2783258.2788563
1677,1678,2,/profile/81414621169
1678,1679,2,/profile/81492640651
1679,1680,2,/profile/81351600690
1680,1681,2,/profile/81492654889
1681,1682,2,/profile/81100243719
1682,1683,1,/doi/10.1109/SEAMS.2017.20
1683,1684,2,/profile/99659177855
1684,1685,2,/profile/81558352156
1685,1686,2,/profile/81100553817
1686,1687,2,/profile/81503679130
1687,1688,1,/doi/10.14778/2733004.2733037
1688,1689,2,/profile/81553122156
1689,1690,2,/profile/99658685195
1690,1691,2,/profile/81100250608
1691,1692,1,/doi/10.1145/3416921.3416944
1692,1693,1,/doi/10.1145/3617184.3618036
1693,1694,2,/profile/99661084904
1694,1695,2,/profile/99661079691
1695,1696,2,/profile/99661082904
1696,1697,1,/doi/10.1145/3433996.3434027
1697,1698,2,/profile/99659659388
1698,1699,2,/profile/99659660063
1699,1700,2,/profile/99659657965
1700,1701,2,/profile/99659658991
1701,1702,2,/profile/99659658752
1702,1703,2,/profile/99659035728
1703,1704,1,/doi/10.1145/2659532.2659593
1704,1705,2,/profile/81100245233
1705,1706,1,/doi/10.1145/3297156.3297249
1706,1707,2,/profile/99659353951
1707,1708,2,/profile/86159220457
1708,1709,2,/profile/99659353659
1709,1710,2,/profile/99659353077
1710,1711,1,/doi/10.1145/3453187.3453340
1711,1712,2,/profile/99659691541
1712,1713,2,/profile/99659691242
1713,1714,2,/profile/99659691371
1714,1715,1,/doi/10.1145/3358528.3358584
1715,1716,2,/profile/99659474314
1716,1717,2,/profile/99659474012
1717,1718,2,/profile/99659475269
1718,1719,2,/profile/99659474429
1719,1720,2,/profile/99659474686
1720,1721,2,/profile/99659475057
1721,1722,1,/doi/10.1145/3510858.3510975
1722,1723,2,/profile/99660020179
1723,1724,1,/doi/10.1145/2912845.2912869
1724,1725,2,/profile/99659039478
1725,1726,2,/profile/81501678942
1726,1727,2,/profile/81485653032
1727,1728,2,/profile/81501681945
1728,1729,2,/profile/99659038284
1729,1730,1,/doi/10.1145/3437075.3437086
1730,1731,2,/profile/99659644049
1731,1732,2,/profile/99659669648
1732,1733,2,/profile/99659670993
1733,1734,1,/doi/10.1145/3297663.3310302
1734,1735,2,/profile/99659359845
1735,1736,2,/profile/99659039819
1736,1737,2,/profile/81100225188
1737,1738,1,/doi/10.1145/3402569.3409041
1738,1739,2,/profile/99659576002
1739,1740,1,/doi/10.1145/3377170.3377180
1740,1741,2,/profile/99659512574
1741,1742,1,/doi/10.1145/2448917.2448923
1742,1743,2,/profile/81339516635
1743,1744,1,/doi/10.1145/3230348.3230425
1744,1745,2,/profile/99659306387
1745,1746,2,/profile/99659306600
1746,1747,2,/profile/99659305916
1747,1748,2,/profile/99659306068
1748,1749,1,/doi/10.1145/3372454.3372462
1749,1750,2,/profile/87058877957
1750,1751,2,/profile/99659495177
1751,1752,2,/profile/81381605859
1752,1753,2,/profile/99659494158
1753,1754,1,/doi/10.1109/CCGrid.2016.85
1754,1755,2,/profile/81413606942
1755,1756,2,/profile/99658643575
1756,1757,2,/profile/87959064557
1757,1758,2,/profile/81310489319
1758,1759,2,/profile/81100158143
1759,1760,1,/doi/10.1145/3090354.3090386
1760,1761,2,/profile/99659192614
